Country Name,Country Code,Indicator_Name,Indicator Code,1970,1971,1972,1973,1974,1975,1976,1977,1978,1979,1980,1981,1982,1983,1984,1985,1986,1987,1988,1989,1990,1991,1992,1993,1994,1995,1996,1997,1998,1999,2000,2001,2002,2003,2004,2005,2006,2007,2008,2009,2010,2011,2012,2013,2014,2015,2016,2017,2020,2025,2030,2035,2040,2045,2050,2055,2060,2065,2070,2075,2080,2085,2090,2095,2100
Arab World,ARB,"Adjusted net enrolment rate, primary, both sexes (%)",SE.PRM.TENR,54.82212067,54.89413834,56.20943832,57.26710892,57.99113846,59.36553955,60.99996185,61.9226799,62.69342041,64.38318634,65.61776733,66.08515167,66.60813904,67.29045105,68.51009369,69.03321075,69.94490814,71.04187012,71.69377899,71.69909668,71.99581909,72.60283661,70.03272247,70.46482086,72.64568329,71.81175995,73.90351105,74.42520142,75.11081696,76.25431824,77.24568176,78.80052185,80.05139923,80.8053894,81.60706329,82.48948669,82.68550873,83.2803421,84.01187134,84.195961,85.21199799,85.24514008,86.10166931,85.51194,85.32015228,,,,,,,,,,,,,,,,,,,,
East Asia & Pacific,EAS,"Adjusted net enrolment rate, primary, both sexes (%)",SE.PRM.TENR,,,,,,,88.73442841,86.83049774,84.52448273,84.39720917,85.18489838,86.2845993,86.90297699,87.07209778,87.53259277,90.04560089,92.1577301,94.65032196,95.77165985,95.97033691,95.67823792,95.9280777,96.03681946,95.27680969,94.38530731,93.11199188,92.17474365,91.55200195,93.13897705,94.62442017,94.95681,95.41095734,97.49241638,97.29517365,96.65638733,95.18177032,94.70973206,95.67407227,95.73094177,96.06874847,96.16606903,96.36476135,96.32260895,96.09406281,96.20796204,,,,,,,,,,,,,,,,,,,,
East Asia & Pacific (excluding high income),EAP,"Adjusted net enrolment rate, primary, both sexes (%)",SE.PRM.TENR,,,,,,,,,,,,,,,,,91.41088104,94.13973236,95.37676239,95.60205078,95.29946136,95.60044098,95.73966217,94.95291138,93.99008942,92.64759064,91.65908051,91.0225296,92.74981689,94.33467102,94.67550659,95.1565094,97.39959717,97.16738892,96.48635101,94.88503265,94.36000824,95.38614655,95.43913269,95.8122406,95.92320251,96.13314819,96.09710693,95.90190125,96.02580261,,,,,,,,,,,,,,,,,,,,
Euro area,EMU,"Adjusted net enrolment rate, primary, both sexes (%)",SE.PRM.TENR,95.22379303,95.22930145,95.34979248,95.31968689,95.84841156,96.05345154,96.30377197,96.33605194,96.70172882,96.95078278,96.98287964,97.06252289,96.79814148,96.18929291,96.01761627,96.07559204,96.88194275,96.98361969,97.13990784,97.2258606,97.02625275,97.03041077,96.50782013,96.58888245,96.42488861,96.85556793,97.61972046,98.18405151,99.1040802,99.34957123,99.35227203,99.28639221,99.23478699,99.07469177,98.79023743,98.74829865,98.81279755,99.04633331,99.08669281,99.07389832,99.11785889,98.98674011,99.07122803,99.10424805,98.91931152,,,,,,,,,,,,,,,,,,,,
Europe & Central Asia,ECS,"Adjusted net enrolment rate, primary, both sexes (%)",SE.PRM.TENR,,,93.33521271,93.05461884,93.13581848,93.23561096,93.52774048,93.61360931,93.77185822,93.95896149,93.93196869,93.40090942,93.42311096,93.16876221,93.74246216,93.7376709,94.30634308,94.60505676,95.08194733,94.86380005,94.92379761,95.30030823,95.05449677,94.81429291,94.70774078,94.43437195,94.84033966,95.0358963,95.85266113,96.1917572,96.64808655,97.47770691,97.97245789,97.66648102,97.64090729,96.73683167,96.83274841,96.8629837,97.13011169,96.98088837,97.27471924,97.32917786,97.24964905,97.30625153,97.0220871,,,,,,,,,,,,,,,,,,,,
Europe & Central Asia (excluding high income),ECA,"Adjusted net enrolment rate, primary, both sexes (%)",SE.PRM.TENR,,,,,,,,,,,,,,,,,,,,,,,94.17347717,93.22855377,92.91584015,92.14198303,92.56874084,92.07360077,92.5253067,93.05278015,93.92566681,95.6474762,96.84475708,96.3400116,96.85089111,94.81062317,94.95694733,95.01815033,95.14624023,94.78151703,95.19257355,95.36418915,95.08883667,95.10333252,94.63925934,,,,,,,,,,,,,,,,,,,,
European Union,EUU,"Adjusted net enrolment rate, primary, both sexes (%)",SE.PRM.TENR,95.6277771,95.63848114,95.73695374,95.56268311,95.85185242,95.87438965,95.96707916,95.92421722,96.0265274,96.04148102,96.09246063,95.8806076,95.86077118,95.45921326,95.35794067,95.1598587,95.65116882,95.86802673,95.93657684,95.68122864,95.37409973,95.10410309,94.74121094,95.20075226,95.68849945,96.0622406,96.60877228,97.37899017,98.57137299,98.57405853,98.60105896,98.6492691,98.64614868,98.60307312,98.26776123,98.23178101,98.19207764,98.19120789,98.53456879,98.54057312,98.72559357,98.64968109,98.67549896,98.6328125,98.5083313,,,,,,,,,,,,,,,,,,,,
Heavily indebted poor countries (HIPC),HPC,"Adjusted net enrolment rate, primary, both sexes (%)",SE.PRM.TENR,,,37.31665039,38.16915131,38.84878922,40.49174118,42.35797119,43.89614105,45.25769043,46.41075897,48.0699501,49.22529984,48.5533905,49.28232956,49.05118179,48.85419083,48.82921982,48.13996887,48.03987122,46.91836929,45.77180862,47.01572037,46.09640121,45.9205513,46.91952133,48.9131813,48.91690063,51.57968903,52.24633026,52.17919922,54.08779907,56.70159912,60.19475937,63.09067154,65.6474762,68.34681702,70.74352264,72.71949768,75.93714142,76.08896637,76.06551361,77.51146698,78.70733643,79.90000153,80.68956757,,,,,,,,,,,,,,,,,,,,
High income,HIC,"Adjusted net enrolment rate, primary, both sexes (%)",SE.PRM.TENR,90.78595734,90.82102203,90.78269196,91.20654297,90.90576172,91.21736145,91.8483429,91.97650146,92.26869965,92.34864044,94.52445984,94.47982025,94.98639679,94.38435364,93.97162628,93.95906067,94.55577087,95.13562775,95.45220184,95.64652252,95.81282043,95.72575378,95.19297028,94.95056915,94.89192963,95.34928131,95.45436859,96.06179047,96.78394318,97.01647186,97.11625671,97.0358963,96.6140976,96.47737122,96.09610748,96.37922668,96.78987885,97.1774292,97.4571228,97.03536987,96.95922089,96.64093781,96.86897278,96.80077362,96.81752777,97.16387177,,,,,,,,,,,,,,,,,,,
Latin America & Caribbean,LCN,"Adjusted net enrolment rate, primary, both sexes (%)",SE.PRM.TENR,83.27262115,83.67021942,84.13072205,84.77429962,85.31950378,85.43817902,86.0704422,87.03412628,87.55487823,88.99250793,89.22937775,90.0905838,90.05838776,90.07465363,90.06710815,90.39684296,90.45192719,90.623703,90.43627167,89.78186035,90.31117249,90.65718079,91.5716629,91.85553741,91.43869019,91.43679047,91.96549988,92.44734192,93.79019928,94.92513275,95.6602478,95.91075134,96.11617279,95.2875824,95.41053009,95.15876007,94.57415009,94.15377808,95.38729095,95.46324158,95.63002014,95.57517242,94.84883881,94.30187988,93.97532654,,,,,,,,,,,,,,,,,,,,
Latin America & Caribbean (excluding high income),LAC,"Adjusted net enrolment rate, primary, both sexes (%)",SE.PRM.TENR,82.34604645,82.77339935,83.28919983,83.98149109,84.6018219,84.73084259,85.38249207,86.40219879,86.97901154,88.56320953,88.86078644,89.71351624,89.77098846,89.8219986,89.87274933,90.19603729,90.29190826,90.50617218,90.33659363,89.63600922,90.17500305,90.54833221,91.58293915,91.88638306,91.46173859,91.46576691,92.02500153,92.45298767,93.8048172,94.92571259,95.68914032,95.9667511,96.19026184,95.34610748,95.36470032,95.12155914,94.50842285,94.07318878,95.3614502,95.50543213,95.66066742,95.65872192,94.91438293,94.35691833,94.00299835,,,,,,,,,,,,,,,,,,,,
Least developed countries: UN classification,LDC,"Adjusted net enrolment rate, primary, both sexes (%)",SE.PRM.TENR,38.79940033,38.44458008,41.51852036,44.63198853,44.67853165,47.15100098,49.24979019,50.17465973,51.02848053,51.82112885,53.00505829,53.26821899,52.5093689,52.86880112,52.50896072,51.79584885,51.82089996,51.44964981,53.50102997,53.14677048,52.56615067,53.89147186,53.85197067,53.92263031,54.73389816,56.06814957,56.18368912,57.82590103,58.18735886,58.01145935,60.22412109,62.44034958,65.60565948,68.55697632,70.97467804,73.41410828,75.57642365,76.78999329,78.85050964,79.19689178,79.06478119,80.582901,81.45362091,82.259552,82.52706909,,,,,,,,,,,,,,,,,,,,
Low & middle income,LMY,"Adjusted net enrolment rate, primary, both sexes (%)",SE.PRM.TENR,67.98668671,67.97544098,69.15939331,71.78167725,72.77101135,74.17247009,74.89122009,74.92207336,73.67430878,74.09623718,75.08312988,75.99446869,76.45754242,76.88288116,77.27288818,78.00179291,78.8264389,79.11779022,79.82064819,80.31771851,80.24626923,80.6608429,80.71431732,80.92697144,81.1029892,80.79483795,80.6052475,80.90409088,81.53842926,82.40995789,83.39343262,83.93084717,85.13152313,86.47187805,87.53739166,87.78024292,88.20735168,89.46663666,89.68006134,89.56803894,89.7946701,89.95462799,90.28883362,90.35977936,90.44096375,,,,,,,,,,,,,,,,,,,,
Low income,LIC,"Adjusted net enrolment rate, primary, both sexes (%)",SE.PRM.TENR,,,,35.9092598,37.00893021,38.97497177,41.18608093,43.19625854,44.61566925,45.77542877,48.27280045,49.73979187,48.92311859,49.79039001,49.41426849,48.92916107,48.88444901,47.64456177,47.60725021,46.81779099,45.55702972,46.95521164,45.96973038,45.8758812,46.8651619,49.07403183,49.20056152,51.77547073,52.34901047,52.22602844,54.39028168,56.91019821,60.79846954,64.10585022,66.72875214,69.34655762,72.32907104,74.25666046,77.24391174,77.78189087,77.53099823,78.7845993,79.89505005,80.69748688,81.07556915,80.94547272,,,,,,,,,,,,,,,,,,,
Lower middle income,LMC,"Adjusted net enrolment rate, primary, both sexes (%)",SE.PRM.TENR,61.05001068,61.11254883,62.45883942,64.50157928,64.48699188,65.79717255,66.55378723,68.36894989,68.08479309,69.00184631,70.20659637,71.50502014,72.99317932,73.991539,74.63678741,74.54914856,74.81549072,74.434021,75.50469208,76.57174683,76.34879303,76.61528778,76.9189682,77.94631195,78.91284943,78.618927,78.64266968,78.94975281,78.9095993,79.735672,81.26480103,81.7337265,81.87159729,84.38287354,85.87368011,87.08960724,87.88659668,89.90425873,89.43653107,89.31964874,90.00787354,90.17077637,90.66716766,90.48854828,90.51457977,90.26249695,,,,,,,,,,,,,,,,,,,
Middle East & North Africa,MEA,"Adjusted net enrolment rate, primary, both sexes (%)",SE.PRM.TENR,60.45454025,60.42203903,62.69850159,64.08840179,65.09324646,67.60855865,69.93756104,71.4733963,72.73095703,72.09310913,74.46401215,74.17915344,75.41364288,76.12975311,77.41055298,77.78520966,78.66770935,79.63456726,80.31790924,80.32039642,82.14588165,82.9655304,80.8106308,81.083992,82.66744995,81.65287018,83.42272186,83.48957062,83.53160858,83.65817261,84.5818634,87.03383636,89.06310272,89.89749146,91.16648102,91.69445038,91.95513916,92.86239624,93.30378723,93.81031799,95.05612946,95.38088989,95.74417877,94.93818665,94.59278107,,,,,,,,,,,,,,,,,,,,
Middle East & North Africa (excluding high income),MNA,"Adjusted net enrolment rate, primary, both sexes (%)",SE.PRM.TENR,60.87271881,60.85913849,63.29011154,64.76915741,65.84365845,68.53394318,71.05982971,72.70004272,74.05535889,73.43286133,76.01866913,75.72891235,77.05490875,77.80171204,79.12283325,79.45004272,80.29615021,81.2545929,81.91616821,81.84381866,83.88156128,84.81343842,82.31864166,82.46640015,84.0811615,82.75496674,84.5534668,84.49038696,84.33473206,84.36521149,85.26580811,87.87841034,90.0501709,90.92160797,92.23954773,92.67378998,92.94258118,93.80268097,94.15457916,94.55055237,95.43782806,95.76161957,95.91902161,94.73127747,94.3022995,,,,,,,,,,,,,,,,,,,,
Middle income,MIC,"Adjusted net enrolment rate, primary, both sexes (%)",SE.PRM.TENR,71.08599854,71.03466797,72.2305069,74.99143219,75.98332977,77.32750702,77.9199295,77.76483154,76.29045868,76.67082977,77.53803253,78.47444153,79.09902191,79.52468872,80.04344177,80.95552826,81.9385376,82.50202179,83.36978912,84.0890274,84.22905731,84.57859039,84.80802155,85.11405182,85.23618317,84.64781952,84.43215942,84.47619629,85.22624969,86.34632874,87.25713348,87.62438965,88.58138275,89.88513184,90.98271179,90.75704956,90.85108185,92.11827087,91.962677,91.82911682,92.22280121,92.31385803,92.55126953,92.40455627,92.48592377,92.34831238,,,,,,,,,,,,,,,,,,,
North America,NAC,"Adjusted net enrolment rate, primary, both sexes (%)",SE.PRM.TENR,,,,,82.15219116,82.08882904,82.99194336,83.41204071,84.01306915,83.87718201,91.05049133,91.09368896,93.44831085,92.4569397,91.61686707,91.97725677,93.4341507,94.9598465,95.90023041,96.85605621,97.78147888,97.98548126,97.07431793,96.0357132,95.63745117,96.779953,96.34407806,96.92739868,97.50153351,97.72225952,97.82759094,97.50077057,96.26268005,95.78781128,94.73842621,95.40576935,96.43682861,97.2874527,97.49801636,96.25787354,95.09802246,94.28237915,94.54794312,93.32283783,94.47843933,,,,,,,,,,,,,,,,,,,,
OECD members,OED,"Adjusted net enrolment rate, primary, both sexes (%)",SE.PRM.TENR,90.16744232,90.18858337,90.29444122,90.86949921,90.81710052,91.02279663,91.70387268,92.06118774,92.28295135,92.89698792,94.86000824,94.85006714,95.39492798,95.02716827,95.12545013,95.0463028,95.84879303,96.41776276,96.7870636,96.68997192,97.28005981,97.21627045,96.86676025,96.43334198,96.23074341,96.48709106,96.46672821,96.85884857,97.47341156,98.12142181,98.33319092,98.24640656,97.94113922,97.69753265,97.18003082,97.2041626,97.38639069,97.62116241,97.72659302,97.229599,97.11942291,96.89394379,96.95488739,96.46927643,96.81095123,,,,,,,,,,,,,,,,,,,,
South Asia,SAS,"Adjusted net enrolment rate, primary, both sexes (%)",SE.PRM.TENR,57.48983002,57.21406937,59.11196899,62.46445847,62.2666893,63.47743988,63.91299057,65.41996765,62.98857117,63.15665054,64.24923706,65.27861786,65.37989044,66.89907074,68.05184174,68.16121674,69.69091034,68.62323761,70.86071777,73.08158875,73.24936676,73.50736237,74.16423798,75.66329956,76.95076752,77.19637299,77.48410034,77.56455231,76.86920929,77.64546204,79.41564178,79.56298065,80.39131927,84.693367,87.24373627,89.14781952,90.62129974,92.54277802,92.40888214,91.73970795,92.47856903,92.07389832,92.98887634,93.33468628,93.53793335,,,,,,,,,,,,,,,,,,,,
Sub-Saharan Africa,SSF,"Adjusted net enrolment rate, primary, both sexes (%)",SE.PRM.TENR,,,,,,43.55355072,44.4352417,46.54848099,48.82065964,51.72404861,53.92015076,55.93132019,57.31819153,57.73516083,57.16439819,56.03297043,54.46379089,53.47885132,52.78948975,53.44266891,52.87926865,53.83037186,53.61531067,54.05593109,54.37567902,55.12870026,53.92982864,56.44390106,57.51747894,58.19316864,60.23151016,61.97217178,63.5079689,65.84873962,67.58000183,69.79886627,71.50431061,74.11618042,75.13195801,75.50623322,75.46199799,76.65209198,77.51878357,78.27371216,78.7673111,,,,,,,,,,,,,,,,,,,,
Sub-Saharan Africa (excluding high income),SSA,"Adjusted net enrolment rate, primary, both sexes (%)",SE.PRM.TENR,,,,,,43.5458107,44.42826843,46.54201126,48.81465149,51.71892166,53.91595078,55.92724991,57.3142395,57.73139954,57.16082001,56.02912903,54.45960999,53.47494888,52.78580093,53.43904877,52.87540817,53.82659149,53.61167145,54.05239105,54.37200928,55.12514114,53.92618942,56.44029999,57.51369858,58.18978119,60.2286911,61.97018814,63.50561905,65.8465271,67.57801819,69.79714203,71.50276184,74.11488342,75.13075256,75.50505829,75.46073151,76.65088654,77.5177002,78.27278137,78.76647186,,,,,,,,,,,,,,,,,,,,
Upper middle income,UMC,"Adjusted net enrolment rate, primary, both sexes (%)",SE.PRM.TENR,,,,,,,,,,,,,,,,87.78388214,89.85790253,91.8411026,92.82200623,93.39246368,94.11540985,94.68553925,94.89984131,94.27523041,93.23258972,92.10977173,91.43489075,91.03871918,92.71398926,94.28617096,94.60598755,95.15634155,97.533638,97.53186035,97.75283051,95.85771179,95.13275146,95.41796112,95.85488129,95.79936981,95.75566101,95.77928162,95.61148071,95.47648621,95.66017914,95.70587921,,,,,,,,,,,,,,,,,,,
World,WLD,"Adjusted net enrolment rate, primary, both sexes (%)",SE.PRM.TENR,72.35314178,72.258461,73.13040924,75.25832367,75.92671204,77.0532074,77.67131805,77.64192963,76.56704712,76.88284302,78.0087204,78.73925781,79.17150116,79.41024017,79.6516037,80.24642181,81.01326752,81.31868744,81.94519806,82.37772369,82.31804657,82.63804626,82.59089661,82.71578217,82.82888031,82.5826416,82.39729309,82.69882965,83.32205963,84.1340332,84.99041748,85.42803192,86.44241333,87.69631195,88.75991058,88.83576965,89.23352051,90.41007233,90.64391327,90.51246643,90.71955872,90.88314819,91.20678711,91.17246246,91.26405334,91.15509033,,,,,,,,,,,,,,,,,,,
Afghanistan,AFG,"Adjusted net enrolment rate, primary, both sexes (%)",SE.PRM.TENR,,,,,,,,,,,,,,,,,,,,,,,,,,,,,,,,,,,,,,,,,,,,,,,,,,,,,,,,,,,,,,,,,
Albania,ALB,"Adjusted net enrolment rate, primary, both sexes (%)",SE.PRM.TENR,,,,,,,,,,,,,,,,,,,,,,,,,,,,,,97.31424713,95.88987732,94.3273468,,91.71031189,91.11128998,,,,90.26728821,89.39333344,91.03386688,93.22566223,96.13709259,95.91259766,95.92089081,,,,,,,,,,,,,,,,,,,,
Algeria,DZA,"Adjusted net enrolment rate, primary, both sexes (%)",SE.PRM.TENR,,,,,,,,,,,,,,,,,,,,,,,,,,,,,,89.72553253,90.52371979,92.64193726,93.91455078,94.45285797,95.22200775,95.53875732,95.7594986,95.97537994,97.34114838,98.80840302,98.66047668,98.75006104,,,,98.81302643,,,,,,,,,,,,,,,,,,,
American Samoa,ASM,"Adjusted net enrolment rate, primary, both sexes (%)",SE.PRM.TENR,,,,,,,,,,,,,,,,,,,,,,,,,,,,,,,,,,,,,,,,,,,,,,,,,,,,,,,,,,,,,,,,,
Andorra,AND,"Adjusted net enrolment rate, primary, both sexes (%)",SE.PRM.TENR,,,,,,,,,,,,,,,,,,,,,,,,,,,,,,,,,,,,,,,,,,,,,,,,,,,,,,,,,,,,,,,,,
Angola,AGO,"Adjusted net enrolment rate, primary, both sexes (%)",SE.PRM.TENR,,,,,,,,,,,,,,,,,,,,,,,,,,,,,,,,,,,,,,,80.19909668,79.69084167,81.33943939,84.01230621,,,,,,,,,,,,,,,,,,,,,,,
Antigua and Barbuda,ATG,"Adjusted net enrolment rate, primary, both sexes (%)",SE.PRM.TENR,,,,,,,,,,,,,,,,,,,,,,,,,,,,,,,,,,,,,,91.82145691,92.87914276,92.36029053,89.47899628,87.54405212,85.97116089,,85.83293915,90.25330353,,,,,,,,,,,,,,,,,,,
Argentina,ARG,"Adjusted net enrolment rate, primary, both sexes (%)",SE.PRM.TENR,,,,,,,,,,,,,,,,,,,,,,,,,,,,,,99.75212097,99.54846954,,,99.54297638,99.19728088,99.34583282,99.46885681,99.57420349,99.43829346,99.43550873,99.0661087,99.14070129,99.18444824,99.3542099,99.67455292,,,,,,,,,,,,,,,,,,,,
Armenia,ARM,"Adjusted net enrolment rate, primary, both sexes (%)",SE.PRM.TENR,,,,,,,,,,,,,,,,,,,,,,,,,,,,,,,,,87.31713104,85.64541626,,87.55303192,89.96687317,92.94837952,,,,,,,,96.42371368,,,,,,,,,,,,,,,,,,,
Aruba,ABW,"Adjusted net enrolment rate, primary, both sexes (%)",SE.PRM.TENR,,,,,,,,,,,,,,,,,,,,,,,,,,,,,,98.00173187,98.25359344,96.6157074,95.39762878,93.97483826,94.77635956,97.97891998,98.64935303,98.92681122,99.11431885,95.99542236,98.92046356,,,,99.30724335,,,,,,,,,,,,,,,,,,,,
Australia,AUS,"Adjusted net enrolment rate, primary, both sexes (%)",SE.PRM.TENR,,,,,,,,,,,,,,,,,,,,,,,,,,,,,,94.17102814,94.1244812,94.0042038,94.07801819,94.64402771,95.01592255,95.48954773,95.8208313,96.59835815,96.71985626,96.83979797,97.10565186,97.76576233,97.65525818,97.45039368,97.13818359,97.16040802,,,,,,,,,,,,,,,,,,,
Austria,AUT,"Adjusted net enrolment rate, primary, both sexes (%)",SE.PRM.TENR,,,,,,,,,,,,,,,,,,,,,,,,,,,,,,,,,,,,,,,,,,,,,,,,,,,,,,,,,,,,,,,,,
Azerbaijan,AZE,"Adjusted net enrolment rate, primary, both sexes (%)",SE.PRM.TENR,,,,,,,,,,,,,,,,,,,,,,,,,,,,,,92.14109802,88.23961639,85.46340179,84.91033936,83.34629822,84.28325653,83.95353699,83.7720108,83.45841217,83.98751068,85.51889801,84.72605133,87.26808167,89.29003143,93.67067719,94.81210327,94.26274872,,,,,,,,,,,,,,,,,,,
"Bahamas, The",BHS,"Adjusted net enrolment rate, primary, both sexes (%)",SE.PRM.TENR,,,,,,,,,,,,,,,,,,,,,,,,,,,,,,91.28926086,,,,,94.39730835,98.57984924,97.12982178,98.66378784,98.61068726,96.19114685,97.80586243,,,,,,,,,,,,,,,,,,,,,,,,
Bahrain,BHR,"Adjusted net enrolment rate, primary, both sexes (%)",SE.PRM.TENR,,,,,,,,,,,,,,,,,,,,,,,,,,,,,,99.53131866,97.88865662,94.85508728,94.42835999,93.38639069,92.87957001,90.1977005,91.89263153,,,,,91.8996582,92.73432922,93.73280334,95.72109985,97.99909973,,,,,,,,,,,,,,,,,,,
Bangladesh,BGD,"Adjusted net enrolment rate, primary, both sexes (%)",SE.PRM.TENR,,,,,,,,,,,,,,,,,,,,,,,,,,,,,,,,,,,,95.37301636,95.85626984,,92.84165955,93.79419708,94.93203735,,,,,,,,,,,,,,,,,,,,,,,,
Barbados,BRB,"Adjusted net enrolment rate, primary, both sexes (%)",SE.PRM.TENR,,,,,,,,,,,,,,,,,,,,,,,,,,,,,,97.18279266,95.56223297,94.61907196,91.9341507,91.68517303,90.49381256,90.27783966,92.07820892,94.80072021,96.81021118,93.83737183,95.08052063,93.61637115,,,91.48681641,,,,,,,,,,,,,,,,,,,,
Belarus,BLR,"Adjusted net enrolment rate, primary, both sexes (%)",SE.PRM.TENR,,,,,,,,,,,,,,,,,,,,,,,,,,,,,,,,96.54013824,93.53053284,93.65197754,92.12702179,90.1567688,90.17424011,90.03146362,,91.95504761,91.40245819,91.01806641,94.18067169,93.14211273,94.06121063,95.65396881,,,,,,,,,,,,,,,,,,,
Belgium,BEL,"Adjusted net enrolment rate, primary, both sexes (%)",SE.PRM.TENR,,,,,,,,,,,,,,,,,,,,,,,,,,,,,,99.03907013,99.19071198,99.11144257,99.14102936,98.31179047,96.78317261,96.64836884,97.2572403,98.33461761,98.99812317,99.02108765,98.73896027,98.77236176,99.14736938,99.20842743,99.11380005,99.26670074,,,,,,,,,,,,,,,,,,,
Belize,BLZ,"Adjusted net enrolment rate, primary, both sexes (%)",SE.PRM.TENR,,,,,,,,,,,,,,,,,,,,,,,,,,,,,,99.19702911,96.33088684,93.52842712,,93.87207031,95.47015381,95.07216644,95.71555328,95.29685974,96.28333282,97.12892914,98.0161972,97.67861938,99.5689621,98.88762665,99.14756775,99.21942139,,,,,,,,,,,,,,,,,,,
Benin,BEN,"Adjusted net enrolment rate, primary, both sexes (%)",SE.PRM.TENR,,,,,,,,,,,,,,,,,,,,,,,,,,,,,,,,,,82.87374878,85.80557251,81.75229645,84.67185974,,87.62329865,93.31217957,94.12084961,94.06144714,94.86309814,,95.86662292,,,,,,,,,,,,,,,,,,,,
Bermuda,BMU,"Adjusted net enrolment rate, primary, both sexes (%)",SE.PRM.TENR,,,,,,,,,,,,,,,,,,,,,,,,,,,,,,,,,,,,97.58036041,,,,,,87.91072845,83.45787048,,,,,,,,,,,,,,,,,,,,,,
Bhutan,BTN,"Adjusted net enrolment rate, primary, both sexes (%)",SE.PRM.TENR,,,,,,,,,,,,,,,,,,,,,,,,,,,,,,56.13600922,59.16567993,62.70994949,,,,72.94036102,76.72383881,,82.06375885,86.51454926,88.49162292,89.11779022,90.7184906,89.16223907,88.98287201,,,,,,,,,,,,,,,,,,,,
Bolivia,BOL,"Adjusted net enrolment rate, primary, both sexes (%)",SE.PRM.TENR,,,,,,,,,,,,,,,,,,,,,,,,,,,,,,95.42275238,96.08888245,96.3320694,96.57041931,97.08319092,96.92424011,96.96653748,96.94393921,96.67359161,94.96556091,97.97596741,95.55059052,93.27884674,89.87325287,91.84773254,89.25406647,89.88574219,,,,,,,,,,,,,,,,,,,
Bosnia and Herzegovina,BIH,"Adjusted net enrolment rate, primary, both sexes (%)",SE.PRM.TENR,,,,,,,,,,,,,,,,,,,,,,,,,,,,,,,,,,,,,,,,,,,,,,,,,,,,,,,,,,,,,,,,,
Botswana,BWA,"Adjusted net enrolment rate, primary, both sexes (%)",SE.PRM.TENR,,,,,,,,,,,,,,,,,,,,,,,,,,,,,,80.4704895,81.91937256,83.91674042,84.48310089,84.729599,85.60881805,84.68258667,85.76938629,84.96676636,84.39090729,85.00926208,,,90.7666626,91.36248016,,,,,,,,,,,,,,,,,,,,,
Brazil,BRA,"Adjusted net enrolment rate, primary, both sexes (%)",SE.PRM.TENR,,,,,,,,,,,,,,,,,,,,,,,,,,,,,,98.07272339,,98.85492706,96.72740936,94.2950592,95.58531189,96.07993317,,92.47411346,98.53830719,96.58508301,,95.6971817,95.51374817,93.77903748,94.71505737,94.77333832,,,,,,,,,,,,,,,,,,,
British Virgin Islands,VGB,"Adjusted net enrolment rate, primary, both sexes (%)",SE.PRM.TENR,,,,,,,,,,,,,,,,,,,,,,,,,,,,,,,,,,,,,,,,,,,,,,,,,,,,,,,,,,,,,,,,,
Brunei Darussalam,BRN,"Adjusted net enrolment rate, primary, both sexes (%)",SE.PRM.TENR,,,,,,,,,,,,,,,,,,,,,,,,,,,,,,,,,,,,,,,,,,,,,,,,,,,,,,,,,,,,,,,,,
Bulgaria,BGR,"Adjusted net enrolment rate, primary, both sexes (%)",SE.PRM.TENR,,,,,,,,,,,,,,,,,,,,,,,,,,,,,,98.07910919,97.90467072,98.33145905,97.50849152,97.43997955,96.95046234,93.78790283,92.30023956,95.6291275,97.65157318,99.05918884,99.33042908,98.59618378,96.99182892,96.62007904,96.35822296,94.93694305,,,,,,,,,,,,,,,,,,,
Burkina Faso,BFA,"Adjusted net enrolment rate, primary, both sexes (%)",SE.PRM.TENR,,,,,,,,,,,,,,,,,,,,,,,,,,,,,,35.51369858,36.74565887,37.7718811,36.72385025,39.05400085,41.15568161,45.97774124,49.62345123,54.95046997,60.98583984,63.84804153,60.0682106,64.64225006,65.75166321,66.61592102,67.95353699,69.66423035,,,,,,,,,,,,,,,,,,,
Burundi,BDI,"Adjusted net enrolment rate, primary, both sexes (%)",SE.PRM.TENR,,,,,,,,,,,,,,,,,,,,,,,,,,,,,,,40.65605927,49.29948044,48.65092087,52.01443863,53.51662827,56.49404144,72.44773102,78.99456787,88.80509949,86.84152985,91.52002716,,,91.04746246,95.68190002,94.61273193,,,,,,,,,,,,,,,,,,,
Cabo Verde,CPV,"Adjusted net enrolment rate, primary, both sexes (%)",SE.PRM.TENR,,,,,,,,,,,,,,,,,,,,,,,,,,,,,,,97.69680023,95.4030304,95.07272339,94.5844574,92.96460724,92.74443817,92.42391205,92.43808746,92.5056076,93.63353729,95.24594879,96.70986176,98.42765045,98.41665649,98.24250031,97.26872253,,,,,,,,,,,,,,,,,,,
Cambodia,KHM,"Adjusted net enrolment rate, primary, both sexes (%)",SE.PRM.TENR,,,,,,,,,,,,,,,,,,,,,,,,,,,,,,86.57655334,92.32167053,,,97.69940948,,,94.49714661,95.54383087,94.23636627,,93.28083038,97.5170517,97.40598297,,94.70745087,94.92510986,,,,,,,,,,,,,,,,,,,
Cameroon,CMR,"Adjusted net enrolment rate, primary, both sexes (%)",SE.PRM.TENR,,,,,,,,,,,,,,,,,,,,,,,,,,,,,,,,,,,,,,,82.2233429,85.05370331,,87.63024139,94.06223297,,94.70314789,95.10980988,,,,,,,,,,,,,,,,,,,
Canada,CAN,"Adjusted net enrolment rate, primary, both sexes (%)",SE.PRM.TENR,,,,,,,,,,,,,,,,,,,,,,,,,,,,,,99.78256989,99.92205048,,,,,,,,,,,,99.47747803,99.45674133,,,,,,,,,,,,,,,,,,,,,
Cayman Islands,CYM,"Adjusted net enrolment rate, primary, both sexes (%)",SE.PRM.TENR,,,,,,,,,,,,,,,,,,,,,,,,,,,,,,,,,,,,,,,,,,,,,,,,,,,,,,,,,,,,,,,,,
Central African Republic,CAF,"Adjusted net enrolment rate, primary, both sexes (%)",SE.PRM.TENR,,,,,,,,,,,,,,,,,,,,,,,,,,,,,,,,,,,,48.46973038,48.81962967,57.13729095,66.47702026,67.12779236,69.69106293,67.76509094,70.84066772,,,,,,,,,,,,,,,,,,,,,,
Chad,TCD,"Adjusted net enrolment rate, primary, both sexes (%)",SE.PRM.TENR,,,,,,,,,,,,,,,,,,,,,,,,,,,,,,49.8944397,51.56768036,52.79663086,56.29539871,57.82043076,,,,,,,,63.03907013,,79.12457275,,,,,,,,,,,,,,,,,,,,,
Channel Islands,CHI,"Adjusted net enrolment rate, primary, both sexes (%)",SE.PRM.TENR,,,,,,,,,,,,,,,,,,,,,,,,,,,,,,,,,,,,,,,,,,,,,,,,,,,,,,,,,,,,,,,,,
Chile,CHL,"Adjusted net enrolment rate, primary, both sexes (%)",SE.PRM.TENR,,,,,,,,,,,,,,,,,,,,,,,,,,,,,,,,,,,,,,97.64009857,97.18707275,94.73976135,95.05166626,93.71251678,93.14414978,92.51365662,93.07367706,94.36374664,,,,,,,,,,,,,,,,,,,
China,CHN,"Adjusted net enrolment rate, primary, both sexes (%)",SE.PRM.TENR,,,,,,,,,,,,,,,,,,,,,,,,,,,,,,,,,,,,,,,,,,,,,,,,,,,,,,,,,,,,,,,,,
Colombia,COL,"Adjusted net enrolment rate, primary, both sexes (%)",SE.PRM.TENR,,,,,,,,,,,,,,,,,,,,,,,,,,,,,,96.33970642,97.53765106,97.08364105,97.58325195,,97.19078827,97.45558929,96.38945007,95.77797699,96.28753662,96.85236359,97.22106934,97.31796265,94.34973145,93.07845306,92.25850677,93.16819,,,,,,,,,,,,,,,,,,,
Comoros,COM,"Adjusted net enrolment rate, primary, both sexes (%)",SE.PRM.TENR,,,,,,,,,,,,,,,,,,,,,,,,,,,,,,60.11500931,66.85521698,,,,,,,78.27014923,,,,,,85.27041626,81.2953186,,,,,,,,,,,,,,,,,,,,
"Congo, Dem. Rep.",COD,"Adjusted net enrolment rate, primary, both sexes (%)",SE.PRM.TENR,,,,,,,,,,,,,,,,,,,,,,,,,,,,,,35.3699913,,,,,,,,,,,,,,,,,,,,,,,,,,,,,,,,,,,
"Congo, Rep.",COG,"Adjusted net enrolment rate, primary, both sexes (%)",SE.PRM.TENR,,,,,,,,,,,,,,,,,,,,,,,,,,,,,,,,,,,,53.41566849,57.02207184,,,,89.33158112,,92.85159302,,,,,,,,,,,,,,,,,,,,,,
Costa Rica,CRI,"Adjusted net enrolment rate, primary, both sexes (%)",SE.PRM.TENR,,,,,,,,,,,,,,,,,,,,,,,,,,,,,,,,,,,,,,,,,,99.43733215,99.4707489,98.47058105,96.35826874,96.61834717,,,,,,,,,,,,,,,,,,,
Cote d'Ivoire,CIV,"Adjusted net enrolment rate, primary, both sexes (%)",SE.PRM.TENR,,,,,,,,,,,,,,,,,,,,,,,,,,,,,,57.73389053,56.78921127,60.91207886,61.04901123,56.53332901,,,,,,56.70874023,,,,70.35102844,75.21148682,79.25447083,,,,,,,,,,,,,,,,,,,
Croatia,HRV,"Adjusted net enrolment rate, primary, both sexes (%)",SE.PRM.TENR,,,,,,,,,,,,,,,,,,,,,,,,,,,,,,92.57785034,93.90805817,96.16542816,98.27224731,99.61061859,,98.90438843,98.86051178,98.79377747,97.11817169,91.36654663,94.6010437,96.82752991,98.40760803,98.26753235,98.35447693,98.36508942,,,,,,,,,,,,,,,,,,,
Cuba,CUB,"Adjusted net enrolment rate, primary, both sexes (%)",SE.PRM.TENR,,,,,,,,,,,,,,,,,,,,,,,,,,,,,,98.93363953,98.27877045,97.56932831,97.18776703,95.25083923,95.09391022,94.99677277,95.17276001,97.42307281,98.1765213,99.81220245,99.78649139,98.67436218,97.04142761,96.42227936,93.23931122,92.2526474,,,,,,,,,,,,,,,,,,,
Curacao,CUW,"Adjusted net enrolment rate, primary, both sexes (%)",SE.PRM.TENR,,,,,,,,,,,,,,,,,,,,,,,,,,,,,,,,,,,,,,,,,,,,,,,,,,,,,,,,,,,,,,,,,
Cyprus,CYP,"Adjusted net enrolment rate, primary, both sexes (%)",SE.PRM.TENR,,,,,,,,,,,,,,,,,,,,,,,,,,,,,,97.62361908,98.06996918,97.53959656,98.50694275,98.63523865,98.76019287,99.66204071,99.52018738,99.34184265,98.96124268,99.14473724,99.28510284,99.28009033,98.17635345,97.49436951,97.13529205,97.82833862,,,,,,,,,,,,,,,,,,,
Czech Republic,CZE,"Adjusted net enrolment rate, primary, both sexes (%)",SE.PRM.TENR,,,,,,,,,,,,,,,,,,,,,,,,,,,,,,,,,,,,,,,,,,,,,,,,,,,,,,,,,,,,,,,,,
Denmark,DNK,"Adjusted net enrolment rate, primary, both sexes (%)",SE.PRM.TENR,,,,,,,,,,,,,,,,,,,,,,,,,,,,,,97.94551086,98.10497284,99.85077667,99.87258911,,98.33725739,96.23365021,96.57507324,97.10491943,96.54924774,96.45690155,96.2930603,97.77287292,98.25511169,98.66929626,98.39575958,98.6671524,,,,,,,,,,,,,,,,,,,
Djibouti,DJI,"Adjusted net enrolment rate, primary, both sexes (%)",SE.PRM.TENR,,,,,,,,,,,,,,,,,,,,,,,,,,,,,,25.74267006,25.8925705,28.42424965,30.05887985,,34.54507065,36.71963882,40.58927917,44.88761902,49.29660034,48.84983826,,57.68252182,,57.06034851,64.64447784,57.36906052,,,,,,,,,,,,,,,,,,,
Dominica,DMA,"Adjusted net enrolment rate, primary, both sexes (%)",SE.PRM.TENR,,,,,,,,,,,,,,,,,,,,,,,,,,,,,,,98.41339874,97.2953186,98.70661926,98.0031662,98.44496155,95.5358963,93.8036499,89.25153351,89.67436981,97.17520905,,,,,,,,,,,,,,,,,,,,,,,,,
Dominican Republic,DOM,"Adjusted net enrolment rate, primary, both sexes (%)",SE.PRM.TENR,,,,,,,,,,,,,,,,,,,,,,,,,,,,,,83.89453888,84.83389282,,90.57523346,87.53027344,82.48116302,84.11260986,82.57215118,88.7144165,85.16573334,94.94249725,92.15232086,91.22538757,89.31812286,88.10545349,85.79667664,88.74762726,,,,,,,,,,,,,,,,,,,
Ecuador,ECU,"Adjusted net enrolment rate, primary, both sexes (%)",SE.PRM.TENR,,,,,,,,,,,,,,,,,,,,,,,,,,,,,,96.26091003,96.99497223,98.29734039,99.36802673,99.31159973,,99.37654114,99.45536804,99.3686676,,97.23944855,96.76555634,97.01862335,96.73699188,96.42462158,98.0846405,97.96528625,98.19252777,,,,,,,,,,,,,,,,,,
"Egypt, Arab Rep.",EGY,"Adjusted net enrolment rate, primary, both sexes (%)",SE.PRM.TENR,,,,,,,,,,,,,,,,,,,,,,,,,,,,,,86.00950623,88.39539337,90.10671234,91.8093338,93.81211853,96.21650696,96.8370285,94.98647308,98.16384888,,98.608078,99.07436371,97.89347839,99.21096039,,98.94184113,,,,,,,,,,,,,,,,,,,,
El Salvador,SLV,"Adjusted net enrolment rate, primary, both sexes (%)",SE.PRM.TENR,,,,,,,,,,,,,,,,,,,,,,,,,,,,,,,92.42108917,93.43534851,95.73426819,96.27352142,,96.56062317,96.49858856,95.83834076,95.95600128,95.99897766,96.12802124,95.8536911,95.70513916,95.76959991,94.11376953,92.12090302,,,,,,,,,,,,,,,,,,,
Equatorial Guinea,GNQ,"Adjusted net enrolment rate, primary, both sexes (%)",SE.PRM.TENR,,,,,,,,,,,,,,,,,,,,,,,,,,,,,,,66.60948181,73.81105042,71.66552734,70.08589172,,,,,52.96731186,52.74526978,52.99069977,55.30247879,57.89014816,,,56.79710007,,,,,,,,,,,,,,,,,,,
Eritrea,ERI,"Adjusted net enrolment rate, primary, both sexes (%)",SE.PRM.TENR,,,,,,,,,,,,,,,,,,,,,,,,,,,,,,31.14468956,36.26177979,38.38928986,43.56290817,48.29034042,50.99359131,52.54228973,51.86645889,47.13217163,43.80147934,40.53377151,38.28654861,40.57749176,42.63832092,40.64620972,40.68566132,39.13597107,,,,,,,,,,,,,,,,,,,
Estonia,EST,"Adjusted net enrolment rate, primary, both sexes (%)",SE.PRM.TENR,,,,,,,,,,,,,,,,,,,,,,,,,,,,,,99.14383698,98.95674896,98.88938904,98.85664368,97.2395401,96.28656006,96.11475372,95.68750763,96.7607193,96.27493286,96.09259033,99.09932709,99.64070129,99.65007019,99.55271912,95.59181213,94.9418335,,,,,,,,,,,,,,,,,,,
Ethiopia,ETH,"Adjusted net enrolment rate, primary, both sexes (%)",SE.PRM.TENR,,,,,,,,,,,,,,,,,,,,,,,,,,,,,,36.08993149,40.15604019,44.41106033,46.63272095,47.40563965,50.27603912,61.21723175,65.92449188,71.12909698,76.78813934,76.36157227,74.44834137,78.41989136,79.68235779,,86.48947144,86.16908264,,,,,,,,,,,,,,,,,,,
Faroe Islands,FRO,"Adjusted net enrolment rate, primary, both sexes (%)",SE.PRM.TENR,,,,,,,,,,,,,,,,,,,,,,,,,,,,,,,,,,,,,,,,,,,,,,,,,,,,,,,,,,,,,,,,,
Fiji,FJI,"Adjusted net enrolment rate, primary, both sexes (%)",SE.PRM.TENR,,,,,,,,,,,,,,,,,,,,,,,,,,,,,,94.24829102,94.86332703,97.938591,99.21707153,99.30016327,99.15558624,,99.12928772,99.61434937,99.3302002,99.38889313,,99.04084015,98.68656158,97.04473114,,98.02844238,,,,,,,,,,,,,,,,,,,
Finland,FIN,"Adjusted net enrolment rate, primary, both sexes (%)",SE.PRM.TENR,,,,,,,,,,,,,,,,,,,,,,,,,,,,,,99.83000946,99.73101044,99.75563049,99.52864075,98.81945801,97.89148712,97.48835754,96.92697144,97.38365173,97.68226624,97.72573853,97.95894623,98.25794983,99.17498779,99.58850861,99.50386047,99.64499664,,,,,,,,,,,,,,,,,,,
France,FRA,"Adjusted net enrolment rate, primary, both sexes (%)",SE.PRM.TENR,,,,,,,,,,,,,,,,,,,,,,,,,,,,,,99.63633728,99.57321167,99.60072327,99.58207703,99.42642975,99.05885315,99.29118347,99.19506836,99.20778656,99.14919281,99.24224854,99.25659943,99.04254913,98.9327774,99.3398819,99.44226837,,,,,,,,,,,,,,,,,,,,
French Polynesia,PYF,"Adjusted net enrolment rate, primary, both sexes (%)",SE.PRM.TENR,,,,,,,,,,,,,,,,,,,,,,,,,,,,,,,,,,,,,,,,,,,,,,,,,,,,,,,,,,,,,,,,,
Gabon,GAB,"Adjusted net enrolment rate, primary, both sexes (%)",SE.PRM.TENR,,,,,,,,,,,,,,,,,,,,,,,,,,,,,,,,,,,,,,,,,,,,,,,,,,,,,,,,,,,,,,,,,
"Gambia, The",GMB,"Adjusted net enrolment rate, primary, both sexes (%)",SE.PRM.TENR,,,,,,,,,,,,,,,,,,,,,,,,,,,,,,75.1035614,72.76270294,73.73378754,71.68058777,75.40885162,75.57473755,72.73847961,77.17431641,76.9160614,72.50640106,,70.5251236,70.36679077,72.7127533,68.6043396,71.24638367,74.07937622,75.97377777,,,,,,,,,,,,,,,,,,
Georgia,GEO,"Adjusted net enrolment rate, primary, both sexes (%)",SE.PRM.TENR,,,,,,,,,,,,,,,,,,,,,,,,,,,,,,,,,,,90.65258789,90.87612152,94.99062347,95.17778778,99.59365845,99.95979309,,99.35526276,,,,,,,,,,,,,,,,,,,,,,,
Germany,DEU,"Adjusted net enrolment rate, primary, both sexes (%)",SE.PRM.TENR,,,,,,,,,,,,,,,,,,,,,,,,,,,,,,99.97122955,99.87580872,99.85466003,99.9278717,99.74868774,99.80516052,99.75000763,99.6223526,99.77984619,99.60066223,99.56221008,99.61226654,99.64208984,99.59573364,99.84796906,99.84542084,99.79743195,,,,,,,,,,,,,,,,,,,
Ghana,GHA,"Adjusted net enrolment rate, primary, both sexes (%)",SE.PRM.TENR,,,,,,,,,,,,,,,,,,,,,,,,,,,,,,62.09413147,65.6315918,60.2021904,62.70610046,61.59309006,,66.50834656,66.05840302,72.38715363,77.90943909,76.49054718,,83.8500824,82.188591,86.83165741,89.31228638,90.88588715,87.94776917,,,,,,,,,,,,,,,,,,
Gibraltar,GIB,"Adjusted net enrolment rate, primary, both sexes (%)",SE.PRM.TENR,,,,,,,,,,,,,,,,,,,,,,,,,,,,,,,,,,,,,,,,,,,,,,,,,,,,,,,,,,,,,,,,,
Greece,GRC,"Adjusted net enrolment rate, primary, both sexes (%)",SE.PRM.TENR,,,,,,,,,,,,,,,,,,,,,,,,,,,,,,96.57814026,98.07476807,97.3347702,97.88552856,98.1664505,98.04701996,97.17047119,96.92321014,97.41179657,,,98.52310944,97.97824097,97.858078,97.17147064,96.28167725,,,,,,,,,,,,,,,,,,,,
Greenland,GRL,"Adjusted net enrolment rate, primary, both sexes (%)",SE.PRM.TENR,,,,,,,,,,,,,,,,,,,,,,,,,,,,,,,,,,,,,,,,,,,,,,,,,,,,,,,,,,,,,,,,,
Grenada,GRD,"Adjusted net enrolment rate, primary, both sexes (%)",SE.PRM.TENR,,,,,,,,,,,,,,,,,,,,,,,,,,,,,,99.99143219,,,96.2912674,,98.52031708,90.68422699,,93.42446899,95.79052734,97.47437286,,,,98.39669037,97.33255005,97.75737,,,,,,,,,,,,,,,,,,,
Guam,GUM,"Adjusted net enrolment rate, primary, both sexes (%)",SE.PRM.TENR,,,,,,,,,,,,,,,,,,,,,,,,,,,,,,,,,,,,,,,,,,,,,,,,,,,,,,,,,,,,,,,,,
Guatemala,GTM,"Adjusted net enrolment rate, primary, both sexes (%)",SE.PRM.TENR,,,,,,,,,,,,,,,,,,,,,,,,,,,,,,82.13304901,85.05848694,84.40453339,87.77890015,,92.27924347,93.65374756,94.96196747,95.92472076,95.9173584,99.08483887,98.69264984,96.65368652,93.75279999,91.24250793,88.9645462,88.04776001,,,,,,,,,,,,,,,,,,,
Guinea,GIN,"Adjusted net enrolment rate, primary, both sexes (%)",SE.PRM.TENR,,,,,,,,,,,,,,,,,,,,,,,,,,,,,,41.86352921,44.97694016,48.44390106,55.80934143,59.34175873,62.43106079,64.45744324,66.63974762,68.47544098,67.30278015,68.44065857,70.54666138,74.39385223,73.72936249,74.59481812,78.01779938,,,,,,,,,,,,,,,,,,,,
Guinea-Bissau,GNB,"Adjusted net enrolment rate, primary, both sexes (%)",SE.PRM.TENR,,,,,,,,,,,,,,,,,,,,,,,,,,,,,,,46.7029686,,,,,,,,,,69.23095703,,,,,,,,,,,,,,,,,,,,,,,,
Guyana,GUY,"Adjusted net enrolment rate, primary, both sexes (%)",SE.PRM.TENR,,,,,,,,,,,,,,,,,,,,,,,,,,,,,,,,,,92.34454346,,,,,89.18347931,82.66142273,84.66970825,85.98391724,85.02966309,,,,,,,,,,,,,,,,,,,,,,
Haiti,HTI,"Adjusted net enrolment rate, primary, both sexes (%)",SE.PRM.TENR,,,,,,,,,,,,,,,,,,,,,,,,,,,,,,,,,,,,,,,,,,,,,,,,,,,,,,,,,,,,,,,,,
Honduras,HND,"Adjusted net enrolment rate, primary, both sexes (%)",SE.PRM.TENR,,,,,,,,,,,,,,,,,,,,,,,,,,,,,,,88.50670624,,,93.06459045,95.07364655,91.21878052,96.19728851,92.11987305,96.19432831,96.65026093,96.05857086,97.50531769,97.32691193,94.63043976,94.87908173,93.58724213,,,,,,,,,,,,,,,,,,,
"Hong Kong SAR, China",HKG,"Adjusted net enrolment rate, primary, both sexes (%)",SE.PRM.TENR,,,,,,,,,,,,,,,,,,,,,,,,,,,,,,,,,,,,,,,,,,,,,,,,,,,,,,,,,,,,,,,,,
Hungary,HUN,"Adjusted net enrolment rate, primary, both sexes (%)",SE.PRM.TENR,,,,,,,,,,,,,,,,,,,,,,,,,,,,,,96.12638092,96.60385895,96.98771667,97.08040619,95.94587708,95.55724335,96.28556061,96.79866791,96.62555695,97.87561798,98.58271027,98.45496368,97.76519775,96.72071838,96.07148743,95.88162231,95.70953369,,,,,,,,,,,,,,,,,,,
Iceland,ISL,"Adjusted net enrolment rate, primary, both sexes (%)",SE.PRM.TENR,,,,,,,,,,,,,,,,,,,,,,,,,,,,,,99.03434753,99.1641922,99.56881714,99.54000854,99.26186371,97.85150146,97.89407349,97.95871735,98.0479126,98.62963867,99.12358856,98.66159058,98.52339935,98.69393158,99.1185379,,,,,,,,,,,,,,,,,,,,,
India,IND,"Adjusted net enrolment rate, primary, both sexes (%)",SE.PRM.TENR,,,,,,,,,,,,,,,,,,,,,,,,,,,,,,,84.13654327,84.06308746,83.86998749,88.70305634,,,,96.96656036,96.98703766,95.64360809,96.19281006,95.76299286,96.98451233,97.73886871,,,,,,,,,,,,,,,,,,,,,
Indonesia,IDN,"Adjusted net enrolment rate, primary, both sexes (%)",SE.PRM.TENR,,,,,,,,,,,,,,,,,,,,,,,,,,,,,,,,96.16513062,95.44450378,94.90451813,94.1105423,93.11070251,94.40061188,96.73500824,95.81192017,96.47277069,96.81365204,96.34763336,95.43604279,93.2890625,92.88332367,90.57466125,,,,,,,,,,,,,,,,,,,
"Iran, Islamic Rep.",IRN,"Adjusted net enrolment rate, primary, both sexes (%)",SE.PRM.TENR,,,,,,,,,,,,,,,,,,,,,,,,,,,,,,85.88276672,85.25190735,,93.90589905,93.34095764,96.40628815,96.18341827,98.78804779,99.51473999,,99.57736206,99.68312073,99.8326416,99.54186249,98.82299042,99.34346771,99.24532318,,,,,,,,,,,,,,,,,,,
Iraq,IRQ,"Adjusted net enrolment rate, primary, both sexes (%)",SE.PRM.TENR,,,,,,,,,,,,,,,,,,,,,,,,,,,,,,89.4671402,88.41908264,,,94.24617767,93.01746368,,,92.31169891,,,,,,,,,,,,,,,,,,,,,,,,,,,
Ireland,IRL,"Adjusted net enrolment rate, primary, both sexes (%)",SE.PRM.TENR,,,,,,,,,,,,,,,,,,,,,,,,,,,,,,99.81474304,99.7543869,99.7233429,99.76793671,99.89285278,99.80246735,99.87484741,99.88993835,99.92418671,99.81939697,99.68856812,99.66596985,99.25289917,99.43226624,99.2397995,98.92880249,99.20075226,,,,,,,,,,,,,,,,,,,
Isle of Man,IMN,"Adjusted net enrolment rate, primary, both sexes (%)",SE.PRM.TENR,,,,,,,,,,,,,,,,,,,,,,,,,,,,,,,,,,,,,,,,,,,,,,,,,,,,,,,,,,,,,,,,,
Israel,ISR,"Adjusted net enrolment rate, primary, both sexes (%)",SE.PRM.TENR,,,,,,,,,,,,,,,,,,,,,,,,,,,,,,97.59694672,97.84636688,98.31083679,97.98954773,98.0803299,97.66333008,97.53903198,97.06288147,97.29232025,97.26513672,96.96782684,97.38546753,97.02285004,97.67539215,97.24958038,97.06532288,97.55692291,,,,,,,,,,,,,,,,,,,
Italy,ITA,"Adjusted net enrolment rate, primary, both sexes (%)",SE.PRM.TENR,,,,,,,,,,,,,,,,,,,,,,,,,,,,,,99.9102478,99.7511673,99.66793823,99.57726288,99.53024292,99.47698975,99.30175018,99.21211243,99.15022278,99.09864807,99.14749146,99.25492859,98.98954773,99.31936646,99.45852661,99.27877045,98.90251923,,,,,,,,,,,,,,,,,,,
Jamaica,JAM,"Adjusted net enrolment rate, primary, both sexes (%)",SE.PRM.TENR,,,,,,,,,,,,,,,,,,,,,,,,,,,,,,92.08291626,93.5644989,93.27317047,92.5724411,91.37335968,93.21868134,,,,,,,,,,,,,,,,,,,,,,,,,,,,,,
Japan,JPN,"Adjusted net enrolment rate, primary, both sexes (%)",SE.PRM.TENR,,,,,,,,,,,,,,,,,,,,,,,,,,,,,,99.9985733,99.97020721,99.97464752,99.97534943,99.99622345,99.96656036,99.9993515,99.97621155,99.99797821,99.98214722,99.97264862,99.94351196,99.94998932,99.94863129,99.94999695,99.95001221,,,,,,,,,,,,,,,,,,,,
Jordan,JOR,"Adjusted net enrolment rate, primary, both sexes (%)",SE.PRM.TENR,,,,,,,,,,,,,,,,,,,,,,,,,,,,,,97.6574173,98.94020081,,99.01988983,98.85250092,98.55355835,98.91098022,98.58737183,97.05175018,94.38291168,,89.74887848,88.67188263,87.52204895,89.32286835,,,,,,,,,,,,,,,,,,,,,
Kazakhstan,KAZ,"Adjusted net enrolment rate, primary, both sexes (%)",SE.PRM.TENR,,,,,,,,,,,,,,,,,,,,,,,,,,,,,,,94.13365173,97.25299072,98.35758209,98.58197784,98.72664642,98.72416687,97.65418243,97.31952667,98.56707764,99.4467926,99.65258789,99.26396179,99.4159317,99.39270782,99.49298859,99.87045288,99.73819733,,,,,,,,,,,,,,,,,,
Kenya,KEN,"Adjusted net enrolment rate, primary, both sexes (%)",SE.PRM.TENR,,,,,,,,,,,,,,,,,,,,,,,,,,,,,,62.88777924,66.03253937,67.54408264,62.68206024,75.16033936,74.31468201,76.09773254,76.00518799,87.09474945,82.89874268,84.01222229,,,86.21408081,,,,,,,,,,,,,,,,,,,,,,
Kiribati,KIR,"Adjusted net enrolment rate, primary, both sexes (%)",SE.PRM.TENR,,,,,,,,,,,,,,,,,,,,,,,,,,,,,,,,,,,,,,,,,,,,,97.64276123,96.88265991,,,,,,,,,,,,,,,,,,,
"Korea, Dem. People’s Rep.",PRK,"Adjusted net enrolment rate, primary, both sexes (%)",SE.PRM.TENR,,,,,,,,,,,,,,,,,,,,,,,,,,,,,,,,,,,,,,,,96.97312927,,,,,,96.45024872,,,,,,,,,,,,,,,,,,,
"Korea, Rep.",KOR,"Adjusted net enrolment rate, primary, both sexes (%)",SE.PRM.TENR,,,,,,,,,,,,,,,,,,,,,,,,,,,,,,99.34474945,99.75060272,99.86573029,99.72238922,,,,,99.6880722,99.69435883,99.07604218,98.94091034,98.97551727,98.98599243,96.4079895,96.54998016,98.76006317,,,,,,,,,,,,,,,,,,,
Kosovo,XKX,"Adjusted net enrolment rate, primary, both sexes (%)",SE.PRM.TENR,,,,,,,,,,,,,,,,,,,,,,,,,,,,,,,,,,,,,,,,,,,,,,,,,,,,,,,,,,,,,,,,,
Kuwait,KWT,"Adjusted net enrolment rate, primary, both sexes (%)",SE.PRM.TENR,,,,,,,,,,,,,,,,,,,,,,,,,,,,,,96.62864685,97.05106354,98.65979767,99.01953888,99.23748016,99.17336273,96.08960724,,98.76759338,98.31316376,,97.48562622,98.47589874,98.02581787,98.09313202,98.70320129,,,,,,,,,,,,,,,,,,,,
Kyrgyz Republic,KGZ,"Adjusted net enrolment rate, primary, both sexes (%)",SE.PRM.TENR,,,,,,,,,,,,,,,,,,,,,,,,,,,,,,93.06417084,92.40561676,93.05921936,92.9061203,92.52387238,96.92353821,94.47071838,95.55120087,94.41782379,93.77536011,93.04550934,93.75404358,93.71488953,97.26631165,98.34864807,97.98143768,97.93308258,,,,,,,,,,,,,,,,,,,
Lao PDR,LAO,"Adjusted net enrolment rate, primary, both sexes (%)",SE.PRM.TENR,,,,,,,,,,,,,,,,,,,,,,,,,,,,,,74.90834045,75.69538116,75.11421204,76.17453003,78.69946289,79.34927368,80.61728668,82.15599823,84.66915894,87.11556244,89.50417328,94.14740753,93.98845673,93.78661346,95.37303925,95.12422943,92.71189117,,,,,,,,,,,,,,,,,,,
Latvia,LVA,"Adjusted net enrolment rate, primary, both sexes (%)",SE.PRM.TENR,,,,,,,,,,,,,,,,,,,,,,,,,,,,,,97.16046906,,,,,,,,,96.93929291,98.18457794,98.1457901,98.16085052,98.38484955,98.46666718,97.02603149,96.75097656,,,,,,,,,,,,,,,,,,,
Lebanon,LBN,"Adjusted net enrolment rate, primary, both sexes (%)",SE.PRM.TENR,,,,,,,,,,,,,,,,,,,,,,,,,,,,,,,,,98.56967926,97.70671082,95.89497375,91.67933655,88.84871674,89.77866364,90.62274933,91.83312225,93.35990143,93.32846832,90.20406342,88.89141083,83.74484253,83.51743317,,,,,,,,,,,,,,,,,,,
Lesotho,LSO,"Adjusted net enrolment rate, primary, both sexes (%)",SE.PRM.TENR,,,,,,,,,,,,,,,,,,,,,,,,,,,,,,59.6079483,80.41654205,80.54180908,80.89443207,80.89299774,78.40206146,77.51576233,77.69567108,75.16010284,76.27926636,76.91850281,79.03102875,80.6149826,82.02332306,80.05967712,80.73084259,80.7348938,,,,,,,,,,,,,,,,,,,
Liberia,LBR,"Adjusted net enrolment rate, primary, both sexes (%)",SE.PRM.TENR,,,,,,,,,,,,,,,,,,,,,,,,,,,,,,46.63386917,,,,,,,35.10923004,,42.62382889,40.16453171,,40.91600037,,,38.12701035,37.61392975,,,,,,,,,,,,,,,,,,,
Libya,LBY,"Adjusted net enrolment rate, primary, both sexes (%)",SE.PRM.TENR,,,,,,,,,,,,,,,,,,,,,,,,,,,,,,,,,,,,,,,,,,,,,,,,,,,,,,,,,,,,,,,,,
Liechtenstein,LIE,"Adjusted net enrolment rate, primary, both sexes (%)",SE.PRM.TENR,,,,,,,,,,,,,,,,,,,,,,,,,,,,,,,,,,99.22853851,99.43184662,,98.85166931,98.90215302,99.21759796,98.520401,99.18492126,98.69724274,98.47928619,,97.49867249,99.80767059,,,,,,,,,,,,,,,,,,,
Lithuania,LTU,"Adjusted net enrolment rate, primary, both sexes (%)",SE.PRM.TENR,,,,,,,,,,,,,,,,,,,,,,,,,,,,,,97.91184235,97.88140106,98.00119781,97.98561859,95.94084167,92.04023743,91.06069946,93.00543213,96.22660065,98.93580627,99.25570679,99.30758667,98.15177917,98.56839752,99.72950745,99.46846771,99.39099884,,,,,,,,,,,,,,,,,,,
Luxembourg,LUX,"Adjusted net enrolment rate, primary, both sexes (%)",SE.PRM.TENR,,,,,,,,,,,,,,,,,,,,,,,,,,,,,,97.33831787,97.09992981,96.73729706,96.99645996,95.86724091,96.51260376,97.75449371,98.25315094,98.3547821,97.62522888,,95.28935242,94.62158966,95.61618042,95.20979309,95.97609711,,,,,,,,,,,,,,,,,,,,
"Macao SAR, China",MAC,"Adjusted net enrolment rate, primary, both sexes (%)",SE.PRM.TENR,,,,,,,,,,,,,,,,,,,,,,,,,,,,,,85.29795074,85.74323273,84.78952789,87.13925171,88.37992096,89.37828064,89.47795105,88.40596771,88.54390717,87.17228699,84.51464081,83.33146667,84.60070038,84.40381622,85.79734802,90.34140778,95.21070099,,,,,,,,,,,,,,,,,,,
"Macedonia, FYR",MKD,"Adjusted net enrolment rate, primary, both sexes (%)",SE.PRM.TENR,,,,,,,,,,,,,,,,,,,,,,,,,,,,,,95.04035187,97.37587738,97.71988678,96.25714874,94.64417267,94.400383,93.61549377,91.58146667,90.38446045,88.8777771,89.8980484,93.35745239,,88.29370117,87.39904022,88.25611877,91.05735779,,,,,,,,,,,,,,,,,,,
Madagascar,MDG,"Adjusted net enrolment rate, primary, both sexes (%)",SE.PRM.TENR,,,,,,,,,,,,,,,,,,,,,,,,,,,,,,63.53181076,65.18058777,66.74874878,67.67951202,77.43427277,,,,,,,,,,,,,,,,,,,,,,,,,,,,,,,
Malawi,MWI,"Adjusted net enrolment rate, primary, both sexes (%)",SE.PRM.TENR,,,,,,,,,,,,,,,,,,,,,,,,,,,,,,96.71372223,,,98.5447464,,98.17697144,98.2278595,97.61631012,93.16620636,97.66178894,98.06182098,,,,,,,,,,,,,,,,,,,,,,,,,
Malaysia,MYS,"Adjusted net enrolment rate, primary, both sexes (%)",SE.PRM.TENR,,,,,,,,,,,,,,,,,,,,,,,,,,,,,,95.14183044,97.81398773,97.02561951,95.86289215,96.71595001,99.71810913,99.93830109,97.54460907,97.51409149,97.22395325,97.28809357,96.57330322,96.72270966,97.71198273,98.81508636,98.36566162,98.09168243,,,,,,,,,,,,,,,,,,,
Maldives,MDV,"Adjusted net enrolment rate, primary, both sexes (%)",SE.PRM.TENR,,,,,,,,,,,,,,,,,,,,,,,,,,,,,,95.55980682,97.15326691,97.91960144,97.8323288,,99.99434662,98.19898224,97.84945679,96.71235657,91.93641663,96.52680206,,,,,,,94.83583832,,,,,,,,,,,,,,,,,,
Mali,MLI,"Adjusted net enrolment rate, primary, both sexes (%)",SE.PRM.TENR,,,,,,,,,,,,,,,,,,,,,,,,,,,,,,43.74721909,,,51.20140839,51.1484108,51.128479,56.11360168,57.43505859,59.58583832,,66.77628326,67.94940186,69.07546234,67.00737762,62.658741,63.56684113,60.72584915,,,,,,,,,,,,,,,,,,,
Malta,MLT,"Adjusted net enrolment rate, primary, both sexes (%)",SE.PRM.TENR,,,,,,,,,,,,,,,,,,,,,,,,,,,,,,,,,,,,,,,,,,98.21083069,98.0098877,99.40328217,98.82511139,98.48683929,,,,,,,,,,,,,,,,,,,
Marshall Islands,MHL,"Adjusted net enrolment rate, primary, both sexes (%)",SE.PRM.TENR,,,,,,,,,,,,,,,,,,,,,,,,,,,,,,,,,98.03301239,,,,,,,,,99.70819855,,,,78.40779877,,,,,,,,,,,,,,,,,,,
Mauritania,MRT,"Adjusted net enrolment rate, primary, both sexes (%)",SE.PRM.TENR,,,,,,,,,,,,,,,,,,,,,,,,,,,,,,59.73487854,59.85354996,63.10588074,62.38233185,65.30473328,72.05799103,70.65300751,73.17408752,73.94346619,70.48220062,69.80581665,70.24217987,70.86620331,69.84187317,72.73104095,75.08180237,79.90061951,,,,,,,,,,,,,,,,,,,
Mauritius,MUS,"Adjusted net enrolment rate, primary, both sexes (%)",SE.PRM.TENR,,,,,,,,,,,,,,,,,,,,,,,,,,,,,,92.75682831,93.22659302,92.75364685,94.3364563,93.72853851,94.38053894,96.02088928,96.0304718,96.49945831,96.64820862,96.65991974,96.50868988,96.73571014,93.95201874,96.33734894,96.55326843,96.28533936,,,,,,,,,,,,,,,,,,,
Mexico,MEX,"Adjusted net enrolment rate, primary, both sexes (%)",SE.PRM.TENR,,,,,,,,,,,,,,,,,,,,,,,,,,,,,,98.25462341,98.58148193,98.42246246,99.04518127,98.47387695,97.3841095,96.12494659,95.16455078,94.86669159,94.80515289,95.41954041,96.26545715,97.02966309,97.61058044,97.49159241,97.59636688,,,,,,,,,,,,,,,,,,,,
"Micronesia, Fed. Sts.",FSM,"Adjusted net enrolment rate, primary, both sexes (%)",SE.PRM.TENR,,,,,,,,,,,,,,,,,,,,,,,,,,,,,,,,,,,,,,,,,,,,,87.05473328,84.00332642,,,,,,,,,,,,,,,,,,,
Moldova,MDA,"Adjusted net enrolment rate, primary, both sexes (%)",SE.PRM.TENR,,,,,,,,,,,,,,,,,,,,,,,,,,,,,,,92.56073761,95.58654785,95.96392822,96.63887787,96.62909698,93.37200165,90.63448334,90.01170349,90.46353149,90.03385925,90.10514069,90.57790375,90.52816772,90.57991028,90.00174713,89.94996643,,,,,,,,,,,,,,,,,,,
Monaco,MCO,"Adjusted net enrolment rate, primary, both sexes (%)",SE.PRM.TENR,,,,,,,,,,,,,,,,,,,,,,,,,,,,,,,,,,,,,,,,,,,,,,,,,,,,,,,,,,,,,,,,,
Mongolia,MNG,"Adjusted net enrolment rate, primary, both sexes (%)",SE.PRM.TENR,,,,,,,,,,,,,,,,,,,,,,,,,,,,,,90.71076202,92.86084747,94.2141037,93.13538361,85.96466827,92.83791351,92.43270111,97.48718262,97.73970032,98.16442108,96.462883,97.64292908,98.04012299,97.57720184,95.29058075,95.61865997,97.31175995,,,,,,,,,,,,,,,,,,,
Montenegro,MNE,"Adjusted net enrolment rate, primary, both sexes (%)",SE.PRM.TENR,,,,,,,,,,,,,,,,,,,,,,,,,,,,,,,,,,97.34278107,,97.91654968,98.46237183,95.30744934,94.10468292,,,91.92591095,94.23789215,,,93.68695831,,,,,,,,,,,,,,,,,,,
Morocco,MAR,"Adjusted net enrolment rate, primary, both sexes (%)",SE.PRM.TENR,,,,,,,,,,,,,,,,,,,,,,,,,,,,,,71.15361786,75.93228149,79.85153198,84.07363129,85.36779022,85.21270752,86.2399826,87.6223526,89.02993774,90.1635437,90.70123291,94.91738129,97.34126282,97.8614502,98.87641144,98.923172,,,,,,,,,,,,,,,,,,,,
Mozambique,MOZ,"Adjusted net enrolment rate, primary, both sexes (%)",SE.PRM.TENR,,,,,,,,,,,,,,,,,,,,,,,,,,,,,,51.68894958,55.18371964,59.32204056,54.86626816,,67.27787018,72.18795776,75.86753082,80.87049866,84.21875,85.49485016,87.05188751,85.1350174,85.55078125,86.77268219,87.55632782,89.1328125,,,,,,,,,,,,,,,,,,,
Myanmar,MMR,"Adjusted net enrolment rate, primary, both sexes (%)",SE.PRM.TENR,,,,,,,,,,,,,,,,,,,,,,,,,,,,,,,89.91739655,91.04180908,88.90026093,90.70079041,89.24047852,88.95819092,88.65766144,88.81719971,89.37989044,88.08097839,87.74733734,,,,94.52787781,,,,,,,,,,,,,,,,,,,,
Namibia,NAM,"Adjusted net enrolment rate, primary, both sexes (%)",SE.PRM.TENR,,,,,,,,,,,,,,,,,,,,,,,,,,,,,,87.728508,89.23786163,89.9774704,91.26806641,91.0111618,88.45829773,88.26715088,85.61078644,87.98420715,87.17523956,86.96087646,86.77117157,,88.58644867,90.65531921,,,,,,,,,,,,,,,,,,,,,
Nauru,NRU,"Adjusted net enrolment rate, primary, both sexes (%)",SE.PRM.TENR,,,,,,,,,,,,,,,,,,,,,,,,,,,,,,,,,,,,,,,,,,,76.71533203,,86.62674713,,,,,,,,,,,,,,,,,,,,
Nepal,NPL,"Adjusted net enrolment rate, primary, both sexes (%)",SE.PRM.TENR,,,,,,,,,,,,,,,,,,,,,,,,,,,,,,66.32444,72.61186981,,,80.40180206,81.08563995,,,,,,,98.63509369,99.57948303,,94.66152954,97.12654877,97.10780334,,,,,,,,,,,,,,,,,,
Netherlands,NLD,"Adjusted net enrolment rate, primary, both sexes (%)",SE.PRM.TENR,,,,,,,,,,,,,,,,,,,,,,,,,,,,,,99.4704895,99.50351715,99.44924927,99.4109726,99.26104736,98.56918335,98.38950348,98.72432709,99.41181946,99.50257874,99.66493225,99.88475037,99.90553284,99.85301971,,,98.6431427,,,,,,,,,,,,,,,,,,,
New Caledonia,NCL,"Adjusted net enrolment rate, primary, both sexes (%)",SE.PRM.TENR,,,,,,,,,,,,,,,,,,,,,,,,,,,,,,,,,,,,,,,,,,,,,,,,,,,,,,,,,,,,,,,,,
New Zealand,NZL,"Adjusted net enrolment rate, primary, both sexes (%)",SE.PRM.TENR,,,,,,,,,,,,,,,,,,,,,,,,,,,,,,99.39788055,98.90872955,97.2408905,96.83513641,98.05802917,98.26959991,99.10186768,99.16523743,99.53024292,99.65534973,99.45932007,99.46920776,99.0524292,98.42323303,98.34578705,98.49423981,99.14533997,,,,,,,,,,,,,,,,,,,
Nicaragua,NIC,"Adjusted net enrolment rate, primary, both sexes (%)",SE.PRM.TENR,,,,,,,,,,,,,,,,,,,,,,,,,,,,,,82.65879822,85.93254089,90.18260193,97.42677307,,99.17330933,99.36273193,98.36405945,98.10617828,98.97148132,,98.41053009,,,,,,,,,,,,,,,,,,,,,,,,
Niger,NER,"Adjusted net enrolment rate, primary, both sexes (%)",SE.PRM.TENR,,,,,,,,,,,,,,,,,,,,,,,,,,,,,,26.70737076,27.38138962,31.01107979,34.61660004,38.33876038,41.83600998,41.80241013,43.12073898,44.36608124,47.82099915,51.6385994,55.74570847,60.56155014,62.05744171,61.77870941,61.75978851,63.28192139,,,,,,,,,,,,,,,,,,,
Nigeria,NGA,"Adjusted net enrolment rate, primary, both sexes (%)",SE.PRM.TENR,,,,,,,,,,,,,,,,,,,,,,,,,,,,,,62.90998077,65.95706177,,,,67.64276123,68.07508087,68.53309631,71.35569763,64.60253143,65.68177795,65.67365265,,,,,,,,,,,,,,,,,,,,,,,,
Northern Mariana Islands,MNP,"Adjusted net enrolment rate, primary, both sexes (%)",SE.PRM.TENR,,,,,,,,,,,,,,,,,,,,,,,,,,,,,,,,,,,,,,,,,,,,,,,,,,,,,,,,,,,,,,,,,
Norway,NOR,"Adjusted net enrolment rate, primary, both sexes (%)",SE.PRM.TENR,,,,,,,,,,,,,,,,,,,,,,,,,,,,,,99.77761841,99.71898651,99.77023315,99.73963928,99.85574341,99.43103027,98.58247375,98.63913727,99.17321777,99.33680725,99.15982056,99.00771332,99.27304077,99.70134735,99.86459351,99.88796234,99.78457642,,,,,,,,,,,,,,,,,,,
Oman,OMN,"Adjusted net enrolment rate, primary, both sexes (%)",SE.PRM.TENR,,,,,,,,,,,,,,,,,,,,,,,,,,,,,,83.62718201,84.74963379,85.97215271,85.50447083,83.07936096,,,,,,96.52464294,,97.00447845,97.73816681,98.09123993,97.88333893,98.04286957,,,,,,,,,,,,,,,,,,,
Pakistan,PAK,"Adjusted net enrolment rate, primary, both sexes (%)",SE.PRM.TENR,,,,,,,,,,,,,,,,,,,,,,,,,,,,,,,,,59.03757095,61.0006218,66.63619995,68.74133301,66.28188324,71.12348938,71.91156006,73.31009674,74.67796326,71.74027252,71.30375671,70.05567932,72.97920227,73.84532166,,,,,,,,,,,,,,,,,,,
Palau,PLW,"Adjusted net enrolment rate, primary, both sexes (%)",SE.PRM.TENR,,,,,,,,,,,,,,,,,,,,,,,,,,,,,,,,,,,,,,,,,,,,98.91931152,99.31213379,,80.30085754,,,,,,,,,,,,,,,,,,
Panama,PAN,"Adjusted net enrolment rate, primary, both sexes (%)",SE.PRM.TENR,,,,,,,,,,,,,,,,,,,,,,,,,,,,,,93.36345673,95.23191071,96.6332016,98.81973267,,98.59512329,98.22885895,98.75335693,98.68383789,98.11987305,95.63542938,97.99060059,97.44786835,97.44217682,96.54070282,93.40180969,,,,,,,,,,,,,,,,,,,,
Papua New Guinea,PNG,"Adjusted net enrolment rate, primary, both sexes (%)",SE.PRM.TENR,,,,,,,,,,,,,,,,,,,,,,,,,,,,,,,,,,,,,,,,,,,87.15888214,,,,,,,,,,,,,,,,,,,,,,
Paraguay,PRY,"Adjusted net enrolment rate, primary, both sexes (%)",SE.PRM.TENR,,,,,,,,,,,,,,,,,,,,,,,,,,,,,,97.08239746,97.86222839,97.87541962,96.21308136,95.42854309,94.91085052,95.42904663,93.77324677,92.02498627,90.53977203,89.53653717,89.65879822,89.69354248,89.19676971,,,,,,,,,,,,,,,,,,,,,,
Peru,PER,"Adjusted net enrolment rate, primary, both sexes (%)",SE.PRM.TENR,,,,,,,,,,,,,,,,,,,,,,,,,,,,,,99.96631622,99.95327759,99.74565125,99.71307373,99.53690338,99.11746216,98.94290924,98.92282104,98.88131714,98.7802124,98.88043213,98.87758636,98.57839203,93.05695343,95.77747345,95.30856323,97.8900528,,,,,,,,,,,,,,,,,,,
Philippines,PHL,"Adjusted net enrolment rate, primary, both sexes (%)",SE.PRM.TENR,,,,,,,,,,,,,,,,,,,,,,,,,,,,,,88.94171143,,89.63246155,90.06630707,90.3635788,89.7702179,88.9954834,87.37158203,87.70368958,89.05934906,91.25897217,,,,96.7509613,,,,,,,,,,,,,,,,,,,,,
Poland,POL,"Adjusted net enrolment rate, primary, both sexes (%)",SE.PRM.TENR,,,,,,,,,,,,,,,,,,,,,,,,,,,,,,95.94093323,95.9779892,96.13622284,95.8939209,95.53914642,95.19435883,94.90328979,95.16117859,95.34456635,95.55005646,96.29120636,96.76673889,96.73538208,97.04370117,97.10430908,96.52667236,,,,,,,,,,,,,,,,,,,,
Portugal,PRT,"Adjusted net enrolment rate, primary, both sexes (%)",SE.PRM.TENR,,,,,,,,,,,,,,,,,,,,,,,,,,,,,,,,,,,,,,,,99.37893677,99.47808838,99.01600647,99.09844971,98.9627533,98.77313232,97.97039795,,,,,,,,,,,,,,,,,,,
Puerto Rico,PRI,"Adjusted net enrolment rate, primary, both sexes (%)",SE.PRM.TENR,,,,,,,,,,,,,,,,,,,,,,,,,,,,,,,,,,,,,,,,,87.57190704,84.5309906,85.18350983,85.22335052,84.87825012,,,,,,,,,,,,,,,,,,,,
Qatar,QAT,"Adjusted net enrolment rate, primary, both sexes (%)",SE.PRM.TENR,,,,,,,,,,,,,,,,,,,,,,,,,,,,,,98.57623291,96.18775177,96.93621063,98.14521027,96.70481873,96.18572235,99.28669739,,98.4610672,,97.07788086,95.41773987,98.81125641,97.41953278,93.67941284,93.85986328,96.57369232,,,,,,,,,,,,,,,,,,,
Romania,ROU,"Adjusted net enrolment rate, primary, both sexes (%)",SE.PRM.TENR,,,,,,,,,,,,,,,,,,,,,,,,,,,,,,92.77690125,92.3099823,91.85649872,94.15718079,97.25483704,98.93488312,97.77372742,95.44473267,95.23983002,94.64807129,94.33714294,93.55581665,92.70089722,91.46968842,,,90.13964844,,,,,,,,,,,,,,,,,,,
Russian Federation,RUS,"Adjusted net enrolment rate, primary, both sexes (%)",SE.PRM.TENR,,,,,,,,,,,,,,,,,,,,,,,,,,,,,,,,,,,,,92.820961,93.55422211,94.78317261,96.22737885,,97.26680756,97.32676697,97.506073,96.21253967,97.49880219,,,,,,,,,,,,,,,,,,,
Rwanda,RWA,"Adjusted net enrolment rate, primary, both sexes (%)",SE.PRM.TENR,,,,,,,,,,,,,,,,,,,,,,,,,,,,,,78.73429108,,,82.00988007,88.47068024,,,,,,,98.50698853,,,96.12130737,96.6725769,95.09564972,,,,,,,,,,,,,,,,,,,
Samoa,WSM,"Adjusted net enrolment rate, primary, both sexes (%)",SE.PRM.TENR,,,,,,,,,,,,,,,,,,,,,,,,,,,,,,92.68447113,91.50994873,94.736763,,,,,,98.37023926,,99.73326111,96.76541138,95.03771973,96.11476135,,97.32630157,97.35565186,,,,,,,,,,,,,,,,,,,
San Marino,SMR,"Adjusted net enrolment rate, primary, both sexes (%)",SE.PRM.TENR,,,,,,,,,,,,,,,,,,,,,,,,,,,,,,,,,,,,,,,,91.99762726,94.14083099,,93.06461334,,,,,,,,,,,,,,,,,,,,,,
Sao Tome and Principe,STP,"Adjusted net enrolment rate, primary, both sexes (%)",SE.PRM.TENR,,,,,,,,,,,,,,,,,,,,,,,,,,,,,,82.49848175,,,97.80924225,98.7170105,99.04148865,98.94551086,,92.3028717,93.42510986,94.67783356,94.89810944,,,94.70871735,95.52287292,95.69982147,,,,,,,,,,,,,,,,,,,
Saudi Arabia,SAU,"Adjusted net enrolment rate, primary, both sexes (%)",SE.PRM.TENR,,,,,,,,,,,,,,,,,,,,,,,,,,,,,,,,,,,,,,,,85.01635742,90.34683228,90.7401886,93.07282257,96.07138824,96.48631287,97.69033051,,,,,,,,,,,,,,,,,,,
Senegal,SEN,"Adjusted net enrolment rate, primary, both sexes (%)",SE.PRM.TENR,,,,,,,,,,,,,,,,,,,,,,,,,,,,,,54.75891876,57.8277092,,,64.60907745,62.6852417,63.75991821,66.1593399,68.68264008,69.38687897,69.56758118,70.21794891,70.49687195,73.20519257,72.04038239,72.83863068,72.99114227,,,,,,,,,,,,,,,,,,,
Serbia,SRB,"Adjusted net enrolment rate, primary, both sexes (%)",SE.PRM.TENR,,,,,,,,,,,,,,,,,,,,,,,,,,,,,,,,,,,,99.70359039,99.86248016,98.34468079,97.99806976,96.08799744,94.53636932,97.12490082,96.16414642,96.34152222,98.58827209,99.20623016,,,,,,,,,,,,,,,,,,,
Seychelles,SYC,"Adjusted net enrolment rate, primary, both sexes (%)",SE.PRM.TENR,,,,,,,,,,,,,,,,,,,,,,,,,,,,,,,93.14707947,86.1039505,93.48683929,95.28314972,95.51927948,95.50605011,,,,,,,,95.43654633,94.68504333,95.47501373,,,,,,,,,,,,,,,,,,,
Sierra Leone,SLE,"Adjusted net enrolment rate, primary, both sexes (%)",SE.PRM.TENR,,,,,,,,,,,,,,,,,,,,,,,,,,,,,,,,,,,,,,,,,,,99.32366943,,,99.37641144,,,,,,,,,,,,,,,,,,,
Singapore,SGP,"Adjusted net enrolment rate, primary, both sexes (%)",SE.PRM.TENR,,,,,,,,,,,,,,,,,,,,,,,,,,,,,,,,,,,,,,,,,,,,,,,,,,,,,,,,,,,,,,,,,
Sint Maarten (Dutch part),SXM,"Adjusted net enrolment rate, primary, both sexes (%)",SE.PRM.TENR,,,,,,,,,,,,,,,,,,,,,,,,,,,,,,,,,,,,,,,,,,,,,,,,,,,,,,,,,,,,,,,,,
Slovak Republic,SVK,"Adjusted net enrolment rate, primary, both sexes (%)",SE.PRM.TENR,,,,,,,,,,,,,,,,,,,,,,,,,,,,,,,,,,,,,,,,,,,,,,,,,,,,,,,,,,,,,,,,,
Slovenia,SVN,"Adjusted net enrolment rate, primary, both sexes (%)",SE.PRM.TENR,,,,,,,,,,,,,,,,,,,,,,,,,,,,,,96.48448944,95.53916931,96.14084625,96.80954742,97.72154236,99.71626282,98.66268158,98.09374237,97.90635681,97.92550659,97.66426849,97.33473206,97.15437317,97.74659729,97.49230194,97.81732941,,,,,,,,,,,,,,,,,,,,
Solomon Islands,SLB,"Adjusted net enrolment rate, primary, both sexes (%)",SE.PRM.TENR,,,,,,,,,,,,,,,,,,,,,,,,,,,,,,,,,,,,75.56124878,80.56925964,80.74063873,,,,,,70.66072083,70.15486145,70.54705811,,,,,,,,,,,,,,,,,,,
Somalia,SOM,"Adjusted net enrolment rate, primary, both sexes (%)",SE.PRM.TENR,,,,,,,,,,,,,,,,,,,,,,,,,,,,,,,,,,,,,,,,,,,,,,,,,,,,,,,,,,,,,,,,,
South Africa,ZAF,"Adjusted net enrolment rate, primary, both sexes (%)",SE.PRM.TENR,,,,,,,,,,,,,,,,,,,,,,,,,,,,,,94.85959625,91.99887848,91.64163971,91.23561096,90.88630676,90.10826111,88.29701233,,,,,,,,,,,,,,,,,,,,,,,,,,,,,
South Sudan,SSD,"Adjusted net enrolment rate, primary, both sexes (%)",SE.PRM.TENR,,,,,,,,,,,,,,,,,,,,,,,,,,,,,,,,,,,,,,,,,,40.64736938,,,,30.97660065,,,,,,,,,,,,,,,,,,,
Spain,ESP,"Adjusted net enrolment rate, primary, both sexes (%)",SE.PRM.TENR,,,,,,,,,,,,,,,,,,,,,,,,,,,,,,99.8687973,99.82157135,99.76844788,99.82824707,99.86628723,99.75428772,99.69239807,99.77423859,99.87754059,99.85552979,99.71201324,99.60823822,99.67698669,99.67459106,99.51335144,98.98719025,99.49687958,,,,,,,,,,,,,,,,,,,
Sri Lanka,LKA,"Adjusted net enrolment rate, primary, both sexes (%)",SE.PRM.TENR,,,,,,,,,,,,,,,,,,,,,,,,,,,,,,,,99.88101196,99.92472839,99.61672974,96.84809875,97.2529068,96.72841644,96.36689758,95.54279327,93.37397003,95.04415131,95.18807983,95.37126923,96.51233673,97.33377838,99.08126831,,,,,,,,,,,,,,,,,,,
St. Kitts and Nevis,KNA,"Adjusted net enrolment rate, primary, both sexes (%)",SE.PRM.TENR,,,,,,,,,,,,,,,,,,,,,,,,,,,,,,,97.21774292,94.24597168,96.21737671,96.87255859,96.50196075,95.62909698,,89.84150696,82.5872879,92.29167175,86.01315308,87.38332367,83.9407196,82.20236206,81.13179016,80.39244843,,,,,,,,,,,,,,,,,,,
St. Lucia,LCA,"Adjusted net enrolment rate, primary, both sexes (%)",SE.PRM.TENR,,,,,,,,,,,,,,,,,,,,,,,,,,,,,,,90.64042664,91.06439209,98.34304047,97.08992004,95.06427002,92.78468323,95.17598724,94.12193298,,,,,,,,,,,,,,,,,,,,,,,,,,,
St. Martin (French part),MAF,"Adjusted net enrolment rate, primary, both sexes (%)",SE.PRM.TENR,,,,,,,,,,,,,,,,,,,,,,,,,,,,,,,,,,,,,,,,,,,,,,,,,,,,,,,,,,,,,,,,,
St. Vincent and the Grenadines,VCT,"Adjusted net enrolment rate, primary, both sexes (%)",SE.PRM.TENR,,,,,,,,,,,,,,,,,,,,,,,,,,,,,,,98.19950104,,99.04733276,99.48293304,99.39179993,98.27290344,,98.43005371,97.52089691,98.35768127,98.48876953,96.6967392,99.12243652,96.24778748,91.20330811,98.72795868,,,,,,,,,,,,,,,,,,,
Sudan,SDN,"Adjusted net enrolment rate, primary, both sexes (%)",SE.PRM.TENR,,,,,,,,,,,,,,,,,,,,,,,,,,,,,,,,,,,,,,,,,,57.28108978,54.74668121,,,,,,,,,,,,,,,,,,,,,,
Suriname,SUR,"Adjusted net enrolment rate, primary, both sexes (%)",SE.PRM.TENR,,,,,,,,,,,,,,,,,,,,,,,,,,,,,,,,,,,,88.3925705,90.99758911,87.37587738,92.36363983,95.02158356,93.29194641,91.98313904,92.97337341,92.91635132,92.72210693,94.66378021,,,,,,,,,,,,,,,,,,,
Swaziland,SWZ,"Adjusted net enrolment rate, primary, both sexes (%)",SE.PRM.TENR,,,,,,,,,,,,,,,,,,,,,,,,,,,,,,,,,,,,,,,,75.77941895,81.44080353,82.59162903,81.68628693,78.56204987,79.74373627,,,,,,,,,,,,,,,,,,,,
Sweden,SWE,"Adjusted net enrolment rate, primary, both sexes (%)",SE.PRM.TENR,,,,,,,,,,,,,,,,,,,,,,,,,,,,,,99.76834869,99.42550659,99.72460175,99.5222168,99.15939331,96.94846344,95.45850372,95.14266968,96.28533936,98.47808075,99.32996368,99.37966919,99.47406006,99.59101105,99.68266296,99.71460724,99.62857056,,,,,,,,,,,,,,,,,,,
Switzerland,CHE,"Adjusted net enrolment rate, primary, both sexes (%)",SE.PRM.TENR,,,,,,,,,,,,,,,,,,,,,,,,,,,,,,99.48567963,99.29724121,99.22376251,99.23068237,99.23461151,98.92468262,98.07227325,97.71797943,97.83154297,98.56298065,99.04576111,99.11019135,99.2607193,99.22775269,99.63607788,99.64360046,99.62362671,,,,,,,,,,,,,,,,,,,
Syrian Arab Republic,SYR,"Adjusted net enrolment rate, primary, both sexes (%)",SE.PRM.TENR,,,,,,,,,,,,,,,,,,,,,,,,,,,,,,96.53167725,96.86212158,97.52841949,97.70366669,98.38452911,99.00341797,99.20258331,99.06889343,98.97161865,99.02445984,98.91732025,,,,70.86708832,,,,,,,,,,,,,,,,,,,,,
Tajikistan,TJK,"Adjusted net enrolment rate, primary, both sexes (%)",SE.PRM.TENR,,,,,,,,,,,,,,,,,,,,,,,,,,,,,,,94.45410156,94.259758,96.1887207,96.95684052,97.37602997,97.43978119,97.28318787,96.50180817,97.76651001,97.88562012,98.1088028,98.07044983,98.3330307,98.00354004,97.22332001,98.11284637,98.89054871,,,,,,,,,,,,,,,,,,
Tanzania,TZA,"Adjusted net enrolment rate, primary, both sexes (%)",SE.PRM.TENR,,,,,,,,,,,,,,,,,,,,,,,,,,,,,,49.23329926,52.83794022,57.50363159,72.37989807,80.78697968,85.09320068,89.40869141,94.7678833,,95.86667633,,89.1167984,,84.85594177,81.91908264,80.0905304,,,,,,,,,,,,,,,,,,,,
Thailand,THA,"Adjusted net enrolment rate, primary, both sexes (%)",SE.PRM.TENR,,,,,,,,,,,,,,,,,,,,,,,,,,,,,,,,,,,,,94.1102066,94.51560211,95.06855011,96.34033966,,,,,92.3923111,90.81250763,,,,,,,,,,,,,,,,,,,
Timor-Leste,TLS,"Adjusted net enrolment rate, primary, both sexes (%)",SE.PRM.TENR,,,,,,,,,,,,,,,,,,,,,,,,,,,,,,,,,,,,,,,77.42397308,87.25016022,96.34036255,98.91638184,97.29187775,98.0439682,97.84709167,97.01631165,,,,,,,,,,,,,,,,,,,
Togo,TGO,"Adjusted net enrolment rate, primary, both sexes (%)",SE.PRM.TENR,,,,,,,,,,,,,,,,,,,,,,,,,,,,,,88.549263,85.02635956,87.64745331,90.95211029,88.7495575,91.43443298,90.88773346,93.30258942,89.99700165,91.46787262,,,,,,93.02554321,97.45812988,,,,,,,,,,,,,,,,,,,
Tonga,TON,"Adjusted net enrolment rate, primary, both sexes (%)",SE.PRM.TENR,,,,,,,,,,,,,,,,,,,,,,,,,,,,,,91.60961151,,99.04876709,,,98.11826324,98.82955933,98.90811157,,,,,,98.41522217,96.08704376,98.68424988,,,,,,,,,,,,,,,,,,,,
Trinidad and Tobago,TTO,"Adjusted net enrolment rate, primary, both sexes (%)",SE.PRM.TENR,,,,,,,,,,,,,,,,,,,,,,,,,,,,,,97.88999176,98.30503845,97.77075958,94.53990936,95.92922974,96.58731079,93.67485809,,96.87963867,97.97782135,98.29927826,98.73351288,,,,,,,,,,,,,,,,,,,,,,,,
Tunisia,TUN,"Adjusted net enrolment rate, primary, both sexes (%)",SE.PRM.TENR,,,,,,,,,,,,,,,,,,,,,,,,,,,,,,94.34475708,95.43813324,97.28600311,99.4774704,99.69790649,99.84055328,98.86972046,98.63005829,97.65280914,98.00803375,98.62136841,99.63182831,99.63420105,99.88929749,99.6131897,,,,,,,,,,,,,,,,,,,,,
Turkey,TUR,"Adjusted net enrolment rate, primary, both sexes (%)",SE.PRM.TENR,,,,,,,,,,,,,,,,,,,,,,,,,,,,,,94.29620361,95.83535767,96.37757111,96.7097702,97.14839935,97.47682953,97.78913879,98.1366272,98.60756683,97.99826813,95.61943817,96.3258667,95.37837219,93.77848053,93.17984772,94.2770462,94.24124146,,,,,,,,,,,,,,,,,,,
Turkmenistan,TKM,"Adjusted net enrolment rate, primary, both sexes (%)",SE.PRM.TENR,,,,,,,,,,,,,,,,,,,,,,,,,,,,,,,,,,,,,,,,,,,,,,,,,,,,,,,,,,,,,,,,,
Turks and Caicos Islands,TCA,"Adjusted net enrolment rate, primary, both sexes (%)",SE.PRM.TENR,,,,,,,,,,,,,,,,,,,,,,,,,,,,,,,,,,,,,,,,,,,,,,,,,,,,,,,,,,,,,,,,,
Tuvalu,TUV,"Adjusted net enrolment rate, primary, both sexes (%)",SE.PRM.TENR,,,,,,,,,,,,,,,,,,,,,,,,,,,,,,,,,,,,,,,,,,,,,96.07702637,98.32868958,,,,,,,,,,,,,,,,,,,
Uganda,UGA,"Adjusted net enrolment rate, primary, both sexes (%)",SE.PRM.TENR,,,,,,,,,,,,,,,,,,,,,,,,,,,,,,,,,,,,,,,,93.56320953,90.32269287,93.16519928,,93.7977066,,,,,,,,,,,,,,,,,,,,,
Ukraine,UKR,"Adjusted net enrolment rate, primary, both sexes (%)",SE.PRM.TENR,,,,,,,,,,,,,,,,,,,,,,,,,,,,,,,,,96.16127014,89.31846619,89.00270081,89.51122284,88.7073822,88.37172699,88.69618225,90.23764801,94.41233063,98.51448059,99.0826416,99.0202179,96.51789856,,,,,,,,,,,,,,,,,,,,
United Arab Emirates,ARE,"Adjusted net enrolment rate, primary, both sexes (%)",SE.PRM.TENR,,,,,,,,,,,,,,,,,,,,,,,,,,,,,,85.21340942,81.45728302,79.62905884,83.76554108,90.69238281,94.09841919,96.23388672,95.38275146,95.08164978,,90.20822144,93.23416138,92.67299652,94.6175766,94.68977356,96.19508362,95.95607758,,,,,,,,,,,,,,,,,,,
United Kingdom,GBR,"Adjusted net enrolment rate, primary, both sexes (%)",SE.PRM.TENR,,,,,,,,,,,,,,,,,,,,,,,,,,,,,,99.94969177,99.9523468,99.94419861,99.79078674,99.90814972,99.28633118,99.9943924,99.61992645,97.70291138,99.06809235,98.73002625,99.42299652,99.73815155,99.80113983,99.82746124,99.85433197,,,,,,,,,,,,,,,,,,,,
United States,USA,"Adjusted net enrolment rate, primary, both sexes (%)",SE.PRM.TENR,,,,,,,,,,,,,,,,,,,,,,,,,,,,,,97.51389313,97.61686707,97.31152344,96.00325775,95.53523254,94.43624878,95.27433014,96.25289917,97.17227936,97.48574829,96.03130341,94.79582214,93.94464111,94.10936737,93.82584381,94.03453064,94.45604706,,,,,,,,,,,,,,,,,,,
Uruguay,URY,"Adjusted net enrolment rate, primary, both sexes (%)",SE.PRM.TENR,,,,,,,,,,,,,,,,,,,,,,,,,,,,,,,,,,,,97.56378937,99.94348145,98.09442139,99.25559235,99.44534302,99.8423996,,,99.49487305,94.50714111,,,,,,,,,,,,,,,,,,,,
Uzbekistan,UZB,"Adjusted net enrolment rate, primary, both sexes (%)",SE.PRM.TENR,,,,,,,,,,,,,,,,,,,,,,,,,,,,,,,,,,,,,,97.05512238,95.07100677,94.10865021,94.65206146,94.97344208,96.10942841,96.9227829,96.74162292,96.75257874,97.12638092,,,,,,,,,,,,,,,,,,
Vanuatu,VUT,"Adjusted net enrolment rate, primary, both sexes (%)",SE.PRM.TENR,,,,,,,,,,,,,,,,,,,,,,,,,,,,,,97.64269257,99.31876373,99.58605957,99.22566986,99.66855621,97.63526917,99.15229797,,,,,,,,,,86.69864655,,,,,,,,,,,,,,,,,,,
"Venezuela, RB",VEN,"Adjusted net enrolment rate, primary, both sexes (%)",SE.PRM.TENR,,,,,,,,,,,,,,,,,,,,,,,,,,,,,,84.97769165,87.47833252,90.14118958,93.11798859,91.80906677,92.10758972,90.97377777,91.76186371,92.86582184,91.04078674,93.03708649,93.86456299,93.87597656,93.91513824,93.20327759,92.97892761,92.38697815,,,,,,,,,,,,,,,,,,,
Vietnam,VNM,"Adjusted net enrolment rate, primary, both sexes (%)",SE.PRM.TENR,,,,,,,,,,,,,,,,,,,,,,,,,,,,,,98.34924316,97.36071777,96.06739044,93.0630188,,,90.22434235,91.87772369,,97.27407837,98.50756836,98.1388092,99.40087891,98.20156097,98.10552979,,,,,,,,,,,,,,,,,,,,,
Virgin Islands (U.S.),VIR,"Adjusted net enrolment rate, primary, both sexes (%)",SE.PRM.TENR,,,,,,,,,,,,,,,,,,,,,,,,,,,,,,,,,,,,,,,,,,,,,,,,,,,,,,,,,,,,,,,,,
West Bank and Gaza,PSE,"Adjusted net enrolment rate, primary, both sexes (%)",SE.PRM.TENR,,,,,,,,,,,,,,,,,,,,,,,,,,,,,,90.33585358,90.9000473,89.05924988,88.87670135,88.04956818,86.06591034,83.63549042,84.17710114,83.93057251,85.95874023,87.72971344,89.01686859,89.86968994,92.5071106,92.35974121,92.95365906,92.25367737,,,,,,,,,,,,,,,,,,,
"Yemen, Rep.",YEM,"Adjusted net enrolment rate, primary, both sexes (%)",SE.PRM.TENR,,,,,,,,,,,,,,,,,,,,,,,,,,,,,,56.25204086,,64.6585083,,70.74723053,73.69167328,75.8423233,,,76.2084198,,81.34285736,,84.91223145,85.32797241,,,,,,,,,,,,,,,,,,,,,
Zambia,ZMB,"Adjusted net enrolment rate, primary, both sexes (%)",SE.PRM.TENR,,,,,,,,,,,,,,,,,,,,,,,,,,,,,,64.92218781,64.95171356,64.9177475,68.11152649,,81.24465179,89.74339294,88.33753204,91.15766907,91.95899963,89.11160278,86.51267242,90.34642792,91.79116058,89.0403595,,,,,,,,,,,,,,,,,,,,,
Zimbabwe,ZWE,"Adjusted net enrolment rate, primary, both sexes (%)",SE.PRM.TENR,,,,,,,,,,,,,,,,,,,,,,,,,,,,,,83.6054306,84.5295105,86.70561981,83.57579041,82.61406708,,,,,,,,,89.11026001,86.30316925,,,,,,,,,,,,,,,,,,,,,
