Country Name,Country Code,Indicator Name,Indicator Code,1970,1971,1972,1973,1974,1975,1976,1977,1978,1979,1980,1981,1982,1983,1984,1985,1986,1987,1988,1989,1990,1991,1992,1993,1994,1995,1996,1997,1998,1999,2000,2001,2002,2003,2004,2005,2006,2007,2008,2009,2010,2011,2012,2013,2014,2015,2016,2017,2020,2025,2030,2035,2040,2045,2050,2055,2060,2065,2070,2075,2080,2085,2090,2095,2100
Arab World,ARB,"Adjusted net enrolment rate, primary, gender parity index (GPI)",UIS.NERA.1.GPI,0.658569992,0.656400025,0.663290024,0.672039986,0.672609985,0.691760004,0.69994998,0.71013999,0.718429983,0.743740022,0.759440005,0.769249976,0.77986002,0.790709972,0.799610019,0.806770027,0.816060007,0.825129986,0.834190011,0.83476001,0.844659984,0.85431999,0.826489985,0.834079981,0.859089971,0.847310007,0.872659981,0.872690022,0.884940028,0.897369981,0.904060006,0.912750006,0.91979003,0.926299989,0.927680016,0.930840015,0.929620028,0.938459992,0.942499995,0.943470001,0.947619975,0.946699977,0.962080002,0.96408999,0.966199994,,,,,,,,,,,,,,,,,,,,
East Asia & Pacific,EAS,"Adjusted net enrolment rate, primary, gender parity index (GPI)",UIS.NERA.1.GPI,,,,,,,,,,,,,,,,0.879260004,0.912419975,0.945240021,0.959360003,0.959959984,0.959100008,0.960200012,0.958689988,0.961950004,0.964559972,0.970390022,0.978980005,0.984319985,0.989629984,0.995480001,0.995010018,0.995440006,0.996469975,0.99436003,1.007150054,0.994000018,0.993950009,0.996320009,0.995869994,0.995829999,1.001440048,1.007329941,1.002500057,1.002640009,0.999740005,,,,,,,,,,,,,,,,,,,,
East Asia & Pacific (excluding high income),EAP,"Adjusted net enrolment rate, primary, gender parity index (GPI)",UIS.NERA.1.GPI,,,,,,,,,,,,,,,,,0.902450025,0.939130008,0.954810023,0.955489993,0.954590023,0.955919981,0.954379976,0.958029985,0.961019993,0.967419982,0.976909995,0.982770026,0.988449991,0.994729996,0.994289994,0.994930029,0.996110022,0.99368,1.007490039,0.993290007,0.993200004,0.995710015,0.995220006,0.99533999,1.001569986,1.00793004,1.002679944,1.002820015,0.999670029,,,,,,,,,,,,,,,,,,,,
Euro area,EMU,"Adjusted net enrolment rate, primary, gender parity index (GPI)",UIS.NERA.1.GPI,1.010329962,1.01030004,1.011160016,1.01027,1.006970048,1.006080031,1.007719994,1.006899953,1.005149961,1.004690051,1.004359961,1.004160047,1.003900051,1.005259991,1.005169988,1.004979968,1.004040003,1.005310059,1.005699992,1.005570054,1.004780054,1.005049944,1.004950047,1.002650023,0.996680021,0.997699976,0.998470008,1.000859976,1.000849962,1.000740051,1.00158,1.000859976,1.000409961,0.999260008,0.999180019,0.997810006,0.997049987,0.997860014,0.998290002,0.999559999,1.000390053,1.000749946,1.00217998,1.000710011,0.998950005,,,,,,,,,,,,,,,,,,,,
Europe & Central Asia,ECS,"Adjusted net enrolment rate, primary, gender parity index (GPI)",UIS.NERA.1.GPI,,,,0.987299979,0.985390007,0.98514998,0.986919999,0.986230016,0.983590007,0.983699977,0.982299984,0.981019974,0.98289001,0.984809995,0.990620017,0.990059972,0.99022001,0.989470005,0.990980029,0.990779996,0.992259979,0.992579997,0.993160009,0.989419997,0.986710012,0.989199996,0.988269985,0.987779975,0.988129973,0.988849998,0.992070019,0.991840005,0.992020011,0.991980016,0.99296999,0.994679987,0.995440006,0.997389972,0.996869981,0.998520017,0.999159992,0.999539971,1.000040054,0.999689996,1.000210047,,,,,,,,,,,,,,,,,,,,
Europe & Central Asia (excluding high income),ECA,"Adjusted net enrolment rate, primary, gender parity index (GPI)",UIS.NERA.1.GPI,,,,,,,,,,,,,,,,,,,,,,,0.98101002,0.975600004,0.974669993,0.980250001,0.978139997,0.974449992,0.973559976,0.974680007,0.980830014,0.980340004,0.980679989,0.981350005,0.984040022,0.988699973,0.989830017,0.993640006,0.993179977,0.996010005,0.996640027,0.997089982,0.997280002,0.997789979,1.000519991,,,,,,,,,,,,,,,,,,,,
European Union,EUU,"Adjusted net enrolment rate, primary, gender parity index (GPI)",UIS.NERA.1.GPI,1.006299973,1.006389976,1.006500006,1.005900025,1.003890038,1.003469944,1.005010009,1.004520059,1.003589988,1.003180027,1.002629995,1.00229001,1.002470016,1.003200054,1.002679944,1.002850056,1.00169003,1.002609968,1.002519965,1.002269983,1.001459956,1.002429962,1.00237,1.000120044,0.99612999,0.996670008,0.997150004,0.999180019,1.000239968,1.000630021,1.001039982,1.000530005,1.000429988,0.999779999,1.000069976,0.999159992,0.999670029,1.00019002,0.999539971,1.000229955,1.000779986,1.001049995,1.001629949,1.000650048,0.999629974,,,,,,,,,,,,,,,,,,,,
Heavily indebted poor countries (HIPC),HPC,"Adjusted net enrolment rate, primary, gender parity index (GPI)",UIS.NERA.1.GPI,,,0.672909975,0.684700012,0.695990026,0.713829994,0.730459988,0.743120015,0.752380013,0.761839986,0.77530998,0.784319997,0.779150009,0.781960011,0.781509995,0.781170011,0.788219988,0.785359979,0.791999996,0.787720025,0.78451997,0.801549971,0.804949999,0.808690012,0.815530002,0.812619984,0.804709971,0.815310001,0.825010002,0.840409994,0.844690025,0.857150018,0.870859981,0.882600009,0.896950006,0.900110006,0.909940004,0.913119972,0.920830011,0.926440001,0.930980027,0.934660017,0.944209993,0.946399987,0.949379981,,,,,,,,,,,,,,,,,,,,
High income,HIC,"Adjusted net enrolment rate, primary, gender parity index (GPI)",UIS.NERA.1.GPI,,1.018740058,1.019449949,1.016950011,1.016459942,1.016190052,1.015059948,1.013689995,1.01177001,1.011059999,1.003329992,1.002949953,1.001449943,1.002660036,1.003299952,1.003430009,1.001929998,1.002020001,1.001420021,1.000229955,0.999819994,0.997889996,0.99733001,0.995670021,0.996420026,0.995739996,0.997049987,0.99891001,0.999890029,1.000669956,0.999830008,1.003370047,1.003679991,1.002779961,1.003780007,1.003569961,1.005220056,1.003409982,1.002220035,1.00680995,1.003170013,1.006289959,1.001680017,0.998329997,1.001299977,,,,,,,,,,,,,,,,,,,,
Latin America & Caribbean,LCN,"Adjusted net enrolment rate, primary, gender parity index (GPI)",UIS.NERA.1.GPI,0.989170015,0.988759995,0.989289999,0.990100026,0.99089998,0.99168998,0.992150009,0.991819978,0.99180001,0.991339982,0.991490006,0.993879974,0.994379997,0.995310009,0.995090008,0.996209979,0.99526,0.996959984,0.998090029,0.999670029,1.001109958,1.001799941,0.99950999,0.99950999,0.999870002,0.99980998,0.995540023,0.991819978,0.998350024,0.998520017,0.999130011,0.994379997,0.989000022,0.985520005,0.992999971,1.008859992,1.010020018,1.009439945,0.999930024,1.005759954,1.003890038,1.001250029,1.00951004,1.002140045,1.00466001,,,,,,,,,,,,,,,,,,,,
Latin America & Caribbean (excluding high income),LAC,"Adjusted net enrolment rate, primary, gender parity index (GPI)",UIS.NERA.1.GPI,0.988449991,0.988030016,0.98864001,0.989480019,0.990429997,0.991270006,0.991680026,0.99138999,0.991320014,0.99071002,0.990620017,0.992869973,0.993340015,0.994300008,0.994369984,0.99545002,0.994579971,0.996569991,0.997900009,0.99950999,1.000849962,1.00177002,0.999859989,0.999899983,1.000360012,1.000370026,0.99594003,0.991639972,0.998470008,0.99842,0.999000013,0.994099975,0.988510013,0.985140026,0.992449999,1.009140015,1.010429978,1.009809971,0.999949992,1.005910039,1.003810048,1.001060009,1.009629965,1.001999974,1.004639983,,,,,,,,,,,,,,,,,,,,
Least developed countries: UN classification,LDC,"Adjusted net enrolment rate, primary, gender parity index (GPI)",UIS.NERA.1.GPI,0.56437999,0.519309998,0.563939989,0.606630027,0.618489981,0.666050017,0.695959985,0.694400012,0.703849971,0.722010016,0.741930008,0.745169997,0.73356998,0.727199972,0.750479996,0.745880008,0.75158,0.751550019,0.783940017,0.791760027,0.798300028,0.814599991,0.825940013,0.833320022,0.841899991,0.842320025,0.84197998,0.847920001,0.856400013,0.869520009,0.877279997,0.884630024,0.900099993,0.906579971,0.921379983,0.924679995,0.936460018,0.940569997,0.93611002,0.949180007,0.943369985,0.94115001,0.948189974,0.949119985,0.951439977,,,,,,,,,,,,,,,,,,,,
Low & middle income,LMY,"Adjusted net enrolment rate, primary, gender parity index (GPI)",UIS.NERA.1.GPI,0.753090024,0.745480001,0.756659985,0.791040003,0.803950012,0.82277,0.826659977,0.81171,0.785149992,0.782100022,0.790799975,0.800610006,0.805649996,0.810490012,0.81904,0.835799992,0.853579998,0.862179995,0.873160005,0.87905997,0.87857002,0.882629991,0.884010017,0.891839981,0.899039984,0.901440024,0.90666002,0.910549998,0.914200008,0.922169983,0.927829981,0.931649983,0.935909986,0.958220005,0.966210008,0.964699984,0.968800008,0.968760014,0.974870026,0.981260002,0.981280029,0.984459996,0.982270002,0.982079983,0.980949998,,,,,,,,,,,,,,,,,,,,
Low income,LIC,"Adjusted net enrolment rate, primary, gender parity index (GPI)",UIS.NERA.1.GPI,,,,0.613740027,0.631190002,0.658869982,0.684650004,0.705969989,0.719399989,0.732990026,0.751209974,0.740840018,0.735040009,0.741119981,0.741159976,0.737089992,0.743480027,0.73834002,0.749059975,0.758319974,0.760399997,0.780439973,0.788010001,0.793929994,0.803179979,0.801500022,0.797529995,0.808459997,0.820349991,0.838699996,0.844430029,0.851209998,0.870609999,0.880370021,0.894389987,0.897270024,0.911719978,0.914680004,0.920620024,0.928290009,0.930920005,0.93305999,0.93769002,0.938769996,0.942920029,,,,,,,,,,,,,,,,,,,,
Lower middle income,LMC,"Adjusted net enrolment rate, primary, gender parity index (GPI)",UIS.NERA.1.GPI,0.722039998,0.711910009,0.717869997,0.733389974,0.728730023,0.747340024,0.751789987,0.759609997,0.748109996,0.75158,0.761349976,0.773079991,0.785860002,0.793739974,0.80242002,0.801789999,0.80734998,0.79904002,0.810190022,0.82306999,0.819360018,0.823580027,0.827459991,0.841009974,0.852940023,0.852840006,0.859239995,0.86243999,0.862609982,0.873539984,0.885770023,0.896830022,0.905019999,0.951430023,0.96280998,0.956539989,0.961470008,0.962369978,0.975199997,0.984860003,0.985629976,0.993499994,0.987020016,0.987779975,0.984350026,,,,,,,,,,,,,,,,,,,,
Middle East & North Africa,MEA,"Adjusted net enrolment rate, primary, gender parity index (GPI)",UIS.NERA.1.GPI,0.602829993,0.601840019,0.630500019,0.646589994,0.654020011,0.691009998,0.710389972,0.727609992,0.740480006,0.730799973,0.762399971,0.760630012,0.780799985,0.792659998,0.804250002,0.81546998,0.827740014,0.837230027,0.850409985,0.85611999,0.865629971,0.877960026,0.859109998,0.867349982,0.88538003,0.876470029,0.898329973,0.897319973,0.906080008,0.916230023,0.922800004,0.9278,0.934490025,0.941389978,0.942969978,0.946219981,0.948520005,0.956879973,0.959200025,0.960759997,0.964680016,0.963940024,0.966520011,0.970969975,0.971939981,,,,,,,,,,,,,,,,,,,,
Middle East & North Africa (excluding high income),MNA,"Adjusted net enrolment rate, primary, gender parity index (GPI)",UIS.NERA.1.GPI,0.59434998,0.593490005,0.623300016,0.640290022,0.648479998,0.688210011,0.708720028,0.727069974,0.741190016,0.730910003,0.763570011,0.76078999,0.78144002,0.792900026,0.80418998,0.815050006,0.826820016,0.836560011,0.850090027,0.855539978,0.865040004,0.877910018,0.856630027,0.864400029,0.883159995,0.872250021,0.895399988,0.89297998,0.901730001,0.912050009,0.918820024,0.923860013,0.93107003,0.938369989,0.940020025,0.943570018,0.945789993,0.955070019,0.956780016,0.956849992,0.959179997,0.957859993,0.96006,0.968900025,0.970719993,,,,,,,,,,,,,,,,,,,,
Middle income,MIC,"Adjusted net enrolment rate, primary, gender parity index (GPI)",UIS.NERA.1.GPI,0.764530003,0.756039977,0.76564002,0.80092001,0.813690007,0.832199991,0.835160017,0.818319976,0.789629996,0.78569001,0.793910027,0.805119991,0.810909986,0.815800011,0.825010002,0.843270004,0.861999989,0.87173003,0.882910013,0.888620019,0.887950003,0.891120017,0.892050028,0.900099993,0.907350004,0.910420001,0.916499972,0.920270026,0.923600018,0.930949986,0.937070012,0.94125998,0.94461,0.968959987,0.976480007,0.974889994,0.97803998,0.977909982,0.984440029,0.990970016,0.990800023,0.994440019,0.991280019,0.990980029,0.98901999,,,,,,,,,,,,,,,,,,,,
North America,NAC,"Adjusted net enrolment rate, primary, gender parity index (GPI)",UIS.NERA.1.GPI,,,,,,,,,,,,,,,,1.025400043,1.020210028,1.020359993,1.01801002,1.013489962,1.011459947,1.003769994,1.002699971,0.998690009,1.00504005,1.001440048,1.00462997,1.004959941,1.00485003,1.005169988,1.002230048,1.013659954,1.015329957,1.012850046,1.014690042,1.015450001,1.019690037,1.013440013,1.009719968,1.020699978,1.007290006,1.015009999,1.000100017,0.997309983,1.00782001,,,,,,,,,,,,,,,,,,,,
OECD members,OED,"Adjusted net enrolment rate, primary, gender parity index (GPI)",UIS.NERA.1.GPI,,1.009140015,1.009850025,1.008209944,1.007859945,1.007830024,1.007380009,1.006229997,1.003659964,1.00375998,0.996670008,0.995850027,0.995599985,0.997420013,1.001479983,1.001070023,1.000149965,1.000010014,1.000499964,0.999440014,1.000169992,0.998260021,0.99804002,0.995019972,0.995090008,0.994400024,0.995079994,0.995949984,0.996399999,0.997759998,0.998529971,1.00188005,1.002230048,1.001600027,1.002599955,1.002320051,1.003900051,1.003309965,1.001680017,1.005579948,1.002169967,1.004959941,1.000990033,1.000210047,1.003229976,,,,,,,,,,,,,,,,,,,,
South Asia,SAS,"Adjusted net enrolment rate, primary, gender parity index (GPI)",UIS.NERA.1.GPI,0.608709991,0.589749992,0.605430007,0.640569985,0.633859992,0.649479985,0.651859999,0.662639976,0.628690004,0.629289985,0.642019987,0.652830005,0.648909986,0.662339985,0.684449971,0.682410002,0.700049996,0.681379974,0.705060005,0.733780026,0.732309997,0.739000022,0.751049995,0.773989975,0.792379975,0.798070014,0.804579973,0.808319986,0.802349985,0.813939989,0.834020019,0.847060025,0.862429976,0.945169985,0.947860003,0.951659977,0.960500002,0.966690004,0.985220015,1.001489997,0.993910015,1.00048995,0.99180001,0.991330028,0.988629997,,,,,,,,,,,,,,,,,,,,
Sub-Saharan Africa,SSF,"Adjusted net enrolment rate, primary, gender parity index (GPI)",UIS.NERA.1.GPI,,,,,,0.771269977,0.780369997,0.799629986,0.818849981,0.836510003,0.847790003,0.858129978,0.869449973,0.868610024,0.865819991,0.85957998,0.852980018,0.846520007,0.846350014,0.841440022,0.842429996,0.851480007,0.856490016,0.861590028,0.863030016,0.856270015,0.844669998,0.856230021,0.867389977,0.883019984,0.886229992,0.89447999,0.897930026,0.90516001,0.915780008,0.921639979,0.932099998,0.919139981,0.929170012,0.935159981,0.939549983,0.940859973,0.946829975,0.947960019,0.949419975,,,,,,,,,,,,,,,,,,,,
Sub-Saharan Africa (excluding high income),SSA,"Adjusted net enrolment rate, primary, gender parity index (GPI)",UIS.NERA.1.GPI,,,,,,0.771200001,0.780309975,0.799570024,0.818799973,0.836470008,0.847750008,0.858089983,0.869419992,0.868579984,0.865800023,0.859549999,0.852959991,0.846499979,0.846329987,0.841409981,0.842400014,0.85145998,0.856469989,0.861570001,0.863009989,0.856249988,0.844649971,0.856209993,0.867370009,0.883000016,0.886219978,0.894460022,0.897920012,0.905149996,0.915769994,0.921639979,0.932089984,0.919130027,0.929170012,0.935159981,0.939549983,0.940850019,0.946829975,0.947960019,0.949419975,,,,,,,,,,,,,,,,,,,,
Upper middle income,UMC,"Adjusted net enrolment rate, primary, gender parity index (GPI)",UIS.NERA.1.GPI,,,,,,,,,,,,,,,,,0.915300012,0.944989979,0.959290028,0.959479988,0.962469995,0.965020001,0.963159978,0.966149986,0.968819976,0.975049973,0.979929984,0.983850002,0.989629984,0.993520021,0.994589984,0.992879987,0.991460025,0.99119997,0.993610024,0.999369979,1.001320004,1.000740051,0.998489976,1.000740051,0.999080002,0.996309996,0.998369992,0.996270001,0.996649981,,,,,,,,,,,,,,,,,,,,
World,WLD,"Adjusted net enrolment rate, primary, gender parity index (GPI)",UIS.NERA.1.GPI,0.810440004,0.803080022,0.810500026,0.835730016,0.844489992,0.858430028,0.860329986,0.846549988,0.823419988,0.819819987,0.825810015,0.833339989,0.837040007,0.840659976,0.847479999,0.861320019,0.87598002,0.883159995,0.892210007,0.896870017,0.896300018,0.899240017,0.900080025,0.906329989,0.912389994,0.914250016,0.918789983,0.922230005,0.925419986,0.932410002,0.93720001,0.941020012,0.944689989,0.96401,0.97092998,0.969560027,0.973360002,0.973049998,0.978299975,0.984459996,0.984009981,0.987160027,0.984669983,0.984080017,0.983410001,,,,,,,,,,,,,,,,,,,,
Afghanistan,AFG,"Adjusted net enrolment rate, primary, gender parity index (GPI)",UIS.NERA.1.GPI,,,,,0.19066,,,,,,,,,,,,,,,,,,,0.351839989,,,,,,,,,,,,,,,,,,,,,,,,,,,,,,,,,,,,,,,,,
Albania,ALB,"Adjusted net enrolment rate, primary, gender parity index (GPI)",UIS.NERA.1.GPI,,,,,,,,,,,,,,,,,,,,,,,,,,,,,,0.972370028,0.985909998,0.996590018,,0.994939983,1.006819963,,,,0.992749989,0.985080004,0.987010002,0.98259002,0.984449983,0.986829996,,,,,,,,,,,,,,,,,,,,,
Algeria,DZA,"Adjusted net enrolment rate, primary, gender parity index (GPI)",UIS.NERA.1.GPI,,,,0.702449977,0.705579996,0.714890003,0.72586,0.742609978,0.757849991,0.769919991,0.777050018,0.783299983,0.788540006,0.797200024,0.804400027,0.815779984,0.82980001,0.840730011,0.849120021,0.858060002,0.86480999,0.874289989,0.884720027,0.895449996,0.907190025,0.914990008,0.925140023,0.933480024,,0.958500028,0.96529001,0.967530012,0.97319001,0.976369977,0.977540016,0.977419972,0.976350009,0.97931999,0.981869996,0.981869996,0.981869996,0.981869996,0.981869996,0.981869996,0.981869996,,,,,,,,,,,,,,,,,,,,
American Samoa,ASM,"Adjusted net enrolment rate, primary, gender parity index (GPI)",UIS.NERA.1.GPI,,,,,,,,,,,,,,,,,,,,,,,,,,,,,,,,,,,,,,,,,,,,,,,,,,,,,,,,,,,,,,,,,
Andorra,AND,"Adjusted net enrolment rate, primary, gender parity index (GPI)",UIS.NERA.1.GPI,,,,,,,,,,,,,,,,,,,,,,,,,,,,,,,,,,,,,,,,,,,,,,,,,,,,,,,,,,,,,,,,,
Angola,AGO,"Adjusted net enrolment rate, primary, gender parity index (GPI)",UIS.NERA.1.GPI,,,,,,,,,,,,,0.925779998,0.895780027,,,,,,,,,,,,,,,0.856939971,,,,,,,,,,0.88744998,0.878069997,0.839730024,0.769500017,0.769500017,,,,,,,,,,,,,,,,,,,,,,
Antigua and Barbuda,ATG,"Adjusted net enrolment rate, primary, gender parity index (GPI)",UIS.NERA.1.GPI,,,,,,,,,,,,,,,,,,,,,,,,,,,,,,,,,,,,,,0.991259992,0.998449981,0.968800008,0.926069975,0.956570029,0.983650029,,0.975049973,,,,,,,,,,,,,,,,,,,,
Argentina,ARG,"Adjusted net enrolment rate, primary, gender parity index (GPI)",UIS.NERA.1.GPI,1.020840049,,,,1.007240057,1.007439971,,,,,,,,,,,,,,,,1.001639962,,,,,,,,1.000749946,,,,0.995490015,0.988179982,0.990920007,0.993480027,0.99575001,0.994490027,0.994149983,0.986320019,0.986909986,0.986620009,0.98980999,,,,,,,,,,,,,,,,,,,,,
Armenia,ARM,"Adjusted net enrolment rate, primary, gender parity index (GPI)",UIS.NERA.1.GPI,,,,,,,,,,,,,,,,,,,,,,,,,,,,,,,,,1.029330015,1.040130019,,1.084710002,1.093950033,1.104359984,1.104359984,1.104359984,1.104359984,1.104359984,1.104359984,,,,,,,,,,,,,,,,,,,,,,
Aruba,ABW,"Adjusted net enrolment rate, primary, gender parity index (GPI)",UIS.NERA.1.GPI,,,,,,,,,,,,,,,,,,,,,,,,,,,,,,1.014150023,0.994750023,1.005159974,0.985589981,0.975690007,0.964999974,0.974560022,0.983340025,0.987049997,0.992879987,1.037310004,1.037310004,1.037310004,1.037310004,,1.00237,,,,,,,,,,,,,,,,,,,,
Australia,AUS,"Adjusted net enrolment rate, primary, gender parity index (GPI)",UIS.NERA.1.GPI,,1.002380013,,1.009639978,1.010699987,1.004520059,1.001379967,,,,,0.997990012,0.999159992,0.995509982,0.997110009,1.001989961,1.004480004,1.006659985,1.008100033,1.008170009,1.006000042,1.005900025,1.005910039,1.005480051,1.005779982,1.005660057,1.007969975,1.011520028,1.018929958,1.025329947,1.030660033,1.033030033,1.032199979,1.031309962,1.02907002,1.026170015,1.023079991,1.019330025,1.017719984,1.013620019,1.010560036,1.00770998,1.005329967,1.003790021,,,,,,,,,,,,,,,,,,,,,
Austria,AUT,"Adjusted net enrolment rate, primary, gender parity index (GPI)",UIS.NERA.1.GPI,,,,,,,,,,,,,,,,,,,,1.009140015,,,,,,,,,,,,,,,,,,,,,,,,,,,,,,,,,,,,,,,,,,,,,
Azerbaijan,AZE,"Adjusted net enrolment rate, primary, gender parity index (GPI)",UIS.NERA.1.GPI,,,,,,,,,,,,,,,,,,,,,,0.976490021,0.992370009,1.062190056,0.966830015,1.153810024,1.095399976,0.988669991,0.987559974,1.000849962,0.994880021,0.984979987,0.97665,0.943149984,0.963580012,0.944519997,0.934010029,0.992489994,0.992229998,0.982140005,0.986090004,0.97240001,0.975440025,0.963699996,0.982949972,,,,,,,,,,,,,,,,,,,,
"Bahamas, The",BHS,"Adjusted net enrolment rate, primary, gender parity index (GPI)",UIS.NERA.1.GPI,,,,,,,,,,,,,,,,,,,,,,,1.007050037,1.020089984,,,,,,0.984149992,,,,,1.014279962,1.021409988,1.025869966,,1.020589948,1.058099985,1.058099985,1.058099985,1.058099985,,,,,,,,,,,,,,,,,,,,,,
Bahrain,BHR,"Adjusted net enrolment rate, primary, gender parity index (GPI)",UIS.NERA.1.GPI,,0.786130011,0.804329991,0.821129978,0.793489993,0.800109982,0.816089988,0.811609983,0.834200025,0.869379997,0.903479993,0.918889999,0.914279997,0.941100001,0.975019991,1.006700039,0.994419992,1.010820031,0.992280006,0.994449973,,,1.018550038,1.015679955,1.022729993,,,0.999180019,,1.004699945,1.004699945,1.004699945,1.004699945,1.004699945,1.004699945,1.004699945,1.004699945,1.004699945,1.004699945,1.004699945,1.004699945,1.004699945,1.004699945,1.004699945,,,,,,,,,,,,,,,,,,,,,
Bangladesh,BGD,"Adjusted net enrolment rate, primary, gender parity index (GPI)",UIS.NERA.1.GPI,0.504939973,,,0.541830003,,,,0.593999982,0.59799999,,,0.696990013,,0.613250017,0.705229998,0.69678998,0.69927001,0.696500003,0.812259972,0.819840014,0.853209972,,,,,,,,,,,,,,,1.058130026,1.069180012,,1.026160002,1.088580012,1.042209983,1.042209983,1.042209983,,,,,,,,,,,,,,,,,,,,,,
Barbados,BRB,"Adjusted net enrolment rate, primary, gender parity index (GPI)",UIS.NERA.1.GPI,,0.979420006,0.974160016,0.994289994,,,0.986519992,,,,,1.014799953,0.972729981,0.940609992,,,,,,1.001929998,0.981230021,,0.989180028,,,,,,,0.994589984,1.000470042,0.997380018,0.997349977,0.993539989,0.985469997,0.999140024,0.995630026,1.01809001,1.005429983,1.017420053,1.01639998,1.009189963,1.009189963,,1.021209955,,,,,,,,,,,,,,,,,,,,
Belarus,BLR,"Adjusted net enrolment rate, primary, gender parity index (GPI)",UIS.NERA.1.GPI,,,,,,,,,,,,,,,,,,,,,,,,,,0.959299982,,,,,,,,,,,,,,0.993650019,0.998260021,0.999000013,1.000650048,1.018030047,1.00177002,,,,,,,,,,,,,,,,,,,,
Belgium,BEL,"Adjusted net enrolment rate, primary, gender parity index (GPI)",UIS.NERA.1.GPI,,,,,,,,0.998640001,,1.004639983,1.005149961,1.008399963,1.003299952,1.012470007,1.014209986,1.014860034,1.011950016,1.014430046,1.015269995,,,1.019350052,1.018000007,0.999440014,0.999140024,0.998399973,0.999000013,,,0.999970019,1.002020001,1.001119971,1.001989961,1.000880003,1.004430056,1.004269958,1.002640009,1.004729986,1.004920006,1.003990054,1.004789948,1.005470037,1.003479958,1.003630042,1.001829982,,,,,,,,,,,,,,,,,,,,
Belize,BLZ,"Adjusted net enrolment rate, primary, gender parity index (GPI)",UIS.NERA.1.GPI,,,,,,,,,,,,,,,,,,,,,,,,,,,,,,0.99397999,0.990149975,0.996179998,,1.016250014,1.014700055,1.000640035,1.008030057,1.012989998,0.995729983,0.995930016,1.002529979,0.987339973,1.004760027,0.995220006,0.986909986,,,,,,,,,,,,,,,,,,,,
Benin,BEN,"Adjusted net enrolment rate, primary, gender parity index (GPI)",UIS.NERA.1.GPI,,,,,,,,,,,,,,,0.480159998,0.483539999,0.490310013,,0.494720012,0.498169988,0.505729973,,0.490500003,0.504260004,0.536790013,0.555199981,0.575969994,0.60048002,,,,,,,,,0.805320024,,0.848079979,0.866609991,,0.883170009,0.883170009,,,,,,,,,,,,,,,,,,,,,,
Bermuda,BMU,"Adjusted net enrolment rate, primary, gender parity index (GPI)",UIS.NERA.1.GPI,,,,,,,,,0.960290015,0.954739988,,,,,1.043740034,1.02128005,,,,,,,,,,,,,,,,,,,,,,,,,,1.010020018,0.954970002,,,,,,,,,,,,,,,,,,,,,,
Bhutan,BTN,"Adjusted net enrolment rate, primary, gender parity index (GPI)",UIS.NERA.1.GPI,,,,,,,,,0.429760009,0.457630008,,,,,,,,,,,,,,,,,,,0.867120028,0.882499993,0.904760003,0.913820028,,,,1.003730059,1.013229966,,1.029829979,1.03313005,1.038210034,1.036280036,1.031170011,1.02820003,1.028689981,,,,,,,,,,,,,,,,,,,,
Bolivia,BOL,"Adjusted net enrolment rate, primary, gender parity index (GPI)",UIS.NERA.1.GPI,,,,,,,,,,,,,,,,,,,,,,,,,,,,,0.98360002,0.987150013,0.991479993,0.995239973,0.995209992,0.999650002,,,1.00138998,1.000370026,0.997659981,0.997659981,0.997659981,0.997659981,0.997659981,,,,,,,,,,,,,,,,,,,,,,
Bosnia,BIH,"Adjusted net enrolment rate, primary, gender parity index (GPI)",UIS.NERA.1.GPI,,,,,,,,,,,,,,,,,,,,,,,,,,,,,,,,,,,,,,,,,,1.011270046,1.008299947,,1.010370016,,,,,,,,,,,,,,,,,,,,
Botswana,BWA,"Adjusted net enrolment rate, primary, gender parity index (GPI)",UIS.NERA.1.GPI,1.189200044,1.201249957,1.214220047,1.214789987,1.208220005,1.21894002,1.219190001,1.215530038,1.211920023,1.205610037,1.19422996,1.182299972,,1.1523,1.137069941,1.120190024,1.095399976,1.088670015,1.089890003,1.077649951,1.08513999,1.08197999,1.070299983,1.058339953,1.052539945,1.047420025,1.044839978,,1.046749949,1.041759968,1.04242003,1.040979981,1.035969973,1.03816998,1.001449943,1.034940004,1.022500038,1.022580028,1.024199963,1.015400052,,,1.018360019,1.01425004,,,,,,,,,,,,,,,,,,,,,
Brazil,BRA,"Adjusted net enrolment rate, primary, gender parity index (GPI)",UIS.NERA.1.GPI,,,,,,,,,,,,,,,,,,,,,,,,,,,,,,,,,,,0.958429992,1.024420023,,1.026170015,0.987410009,1.019160032,,0.993950009,1.041739941,1.002789974,,,,,,,,,,,,,,,,,,,,,
British Virgin Islands,VGB,"Adjusted net enrolment rate, primary, gender parity index (GPI)",UIS.NERA.1.GPI,,,,,,,,,,,,,,,,,,,,,,,,,,,,,,,,,,,,,,,,,,,,,,,,,,,,,,,,,,,,,,,,,
Brunei Darussalam,BRN,"Adjusted net enrolment rate, primary, gender parity index (GPI)",UIS.NERA.1.GPI,,,,,,,,0.993659973,0.996800005,0.996739984,0.989239991,1.012009978,1.011360049,1.012879968,1.012799978,,1.009109974,,,,,0.977169991,0.998849988,1.025400043,1.026610017,,,,,,,,,,,,,,,,,,,,,,,,,,,,,,,,,,,,,,,,
Bulgaria,BGR,"Adjusted net enrolment rate, primary, gender parity index (GPI)",UIS.NERA.1.GPI,,,,,,,,,,,,,,,,,,,,,,,,,,,0.974950016,0.983720005,0.971620023,0.983529985,0.983730018,0.983609974,0.99131,0.994509995,0.995949984,0.998399973,0.99782002,1.000640035,1.007480025,1.013200045,1.007949948,1.00759995,1.004639983,1.002990007,1.005380034,,,,,,,,,,,,,,,,,,,,
Burkina Faso,BFA,"Adjusted net enrolment rate, primary, gender parity index (GPI)",UIS.NERA.1.GPI,,0.5898,0.606320024,,,,,0.595650017,0.594020009,0.598389983,0.609939992,0.602980018,0.595369995,0.609929979,0.599489987,0.597850025,0.606630027,0.60036999,0.607159972,0.618730009,,0.651000023,0.653789997,0.65812999,0.658290029,0.657679975,,,0.682449996,0.694159985,0.707300007,0.720340014,0.735700011,0.75037998,0.774580002,0.795960009,0.815850019,0.835200012,0.86322999,0.884060025,0.916589975,0.93046999,0.941320002,0.951300025,0.949090004,,,,,,,,,,,,,,,,,,,,
Burundi,BDI,"Adjusted net enrolment rate, primary, gender parity index (GPI)",UIS.NERA.1.GPI,,,,0.591780007,,,,,0.664129972,,0.670509994,0.668969989,0.634720027,0.653020024,0.67948997,0.709249973,0.743550003,0.780510008,0.827069998,,,,,0.851540029,,,,,,,0.82604003,0.819570005,0.805679977,0.826979995,0.881060004,0.89459002,0.949850023,0.959070027,0.969579995,0.993799984,0.999419987,,,0.97499001,1.019840002,,,,,,,,,,,,,,,,,,,,
Cabo Verde,CPV,"Adjusted net enrolment rate, primary, gender parity index (GPI)",UIS.NERA.1.GPI,,,,,,,,,,,,0.982879996,0.972329974,0.961120009,0.990400016,0.985610008,0.990069985,1.002400041,,,,,,,,,,,,,1.008049965,1.002709985,1.00632,1.001749992,1.009549975,1.002820015,0.999800026,0.994350016,0.990920007,0.989899993,1.000939965,1.000910044,1.001039982,1.007869959,1.003370047,,,,,,,,,,,,,,,,,,,,
Cambodia,KHM,"Adjusted net enrolment rate, primary, gender parity index (GPI)",UIS.NERA.1.GPI,,,,,,,,,,,,,,,,,,,,,,,,,,,,0.849659979,0.859499991,0.884339988,0.891860008,,,0.960150003,,,0.982370019,0.961510003,0.961430013,,0.980210006,0.954410017,0.953909993,,0.978240013,,,,,,,,,,,,,,,,,,,,
Cameroon,CMR,"Adjusted net enrolment rate, primary, gender parity index (GPI)",UIS.NERA.1.GPI,,0.778209984,0.804470003,0.803390026,0.831449986,0.826740026,0.836610019,0.84434998,0.84254998,0.851639986,0.856069982,,,,,,,,0.869090021,,0.871510029,0.874580026,,,,,,,,,,,,,,,,,,,,,0.889400005,,0.902270019,,,,,,,,,,,,,,,,,,,,
Canada,CAN,"Adjusted net enrolment rate, primary, gender parity index (GPI)",UIS.NERA.1.GPI,,,,,,,,,,,,,0.997269988,0.993210018,0.991590023,0.994289994,0.996270001,0.995130002,0.995689988,0.983669996,1.007079959,0.995999992,0.996190012,0.988219976,0.980270028,0.98645997,0.986039996,,0.999040008,1.001360059,1.001360059,1.001360059,1.001360059,1.001360059,1.001360059,1.001360059,1.001360059,1.001360059,1.001360059,1.001360059,1.001360059,1.001360059,1.001360059,1.001360059,1.001360059,,,,,,,,,,,,,,,,,,,,
Cayman Islands,CYM,"Adjusted net enrolment rate, primary, gender parity index (GPI)",UIS.NERA.1.GPI,,,,,,,,,,,,,,,,,,,,,,,,,,,,,,,,,,,,,,,,,,,,,,,,,,,,,,,,,,,,,,,,,
Central African Republic,CAF,"Adjusted net enrolment rate, primary, gender parity index (GPI)",UIS.NERA.1.GPI,,0.515389979,0.523230016,0.545009971,,,,0.584720016,0.580219984,,,0.592589974,0.582499981,0.541859984,,,0.654890001,0.637549996,0.646799982,0.656229973,0.656019986,0.669260025,,,,,,,,,,,,,,0.725759983,0.719169974,0.714150012,0.738160014,0.736199975,0.746200025,0.759419978,0.785260022,,,,,,,,,,,,,,,,,,,,,,
Chad,TCD,"Adjusted net enrolment rate, primary, gender parity index (GPI)",UIS.NERA.1.GPI,,,,,,0.386629999,,0.38854,,,,,,,,,,,0.450949997,,,,,,,,,0.565289974,0.591000021,0.625800014,0.656419992,0.677579999,0.681999981,0.696919978,,,,,,,,0.772059977,0.772059977,0.782239974,,,,,,,,,,,,,,,,,,,,,
Channel Islands,CHI,"Adjusted net enrolment rate, primary, gender parity index (GPI)",UIS.NERA.1.GPI,,,,,,,,,,,,,,,,,,,,,,,,,,,,,,,,,,,,,,,,,,,,,,,,,,,,,,,,,,,,,,,,,
Chile,CHL,"Adjusted net enrolment rate, primary, gender parity index (GPI)",UIS.NERA.1.GPI,,,,,,,,,,,,,,,,,,,,,,,,,,,,,,,,,,,,,,0.988279998,0.986609995,0.99229002,0.997179985,0.996360004,0.997500002,0.999300003,0.998579979,,,,,,,,,,,,,,,,,,,,
China,CHN,"Adjusted net enrolment rate, primary, gender parity index (GPI)",UIS.NERA.1.GPI,,,,,,,,,,,,,,,,,,0.919950008,,,,,0.945569992,0.95006001,0.956399977,0.967440009,0.977630019,0.987789989,0.987789989,0.987789989,0.987789989,0.987789989,0.987789989,0.987789989,0.987789989,0.987789989,0.987789989,0.987789989,0.987789989,0.987789989,0.987789989,0.987789989,0.987789989,,,,,,,,,,,,,,,,,,,,,,
Colombia,COL,"Adjusted net enrolment rate, primary, gender parity index (GPI)",UIS.NERA.1.GPI,,,,,,,,,,,,,,,,,1.03392005,,,,,1.15060997,,,,,,,,1.012580037,0.999750018,0.990610003,0.988590002,,1.008790016,1.004680037,1.005300045,1.008820057,1.001749992,0.99891001,0.996379972,0.998329997,0.999260008,1.002239943,1.004449964,,,,,,,,,,,,,,,,,,,,
Comoros,COM,"Adjusted net enrolment rate, primary, gender parity index (GPI)",UIS.NERA.1.GPI,,,,,,,,,,,,,,,,,,0.809729993,,,,,,,0.82002002,,,,,0.85364002,0.854839981,,,,,,,0.929880023,,,,,0.948099971,0.948099971,,,,,,,,,,,,,,,,,,,,,
Democratic Republic of the Congo,COD,"Adjusted net enrolment rate, primary, gender parity index (GPI)",UIS.NERA.1.GPI,,0.643630028,0.654779971,,,0.699050009,,,,0.697030008,,,,0.736880004,0.75079,,,,0.778379977,,,0.786670029,0.80151999,0.808969975,0.784919977,0.702160001,,,,0.951520026,,,,,,,,,,,,,,,,,,,,,,,,,,,,,,,,,,,
Republic of the Congo,COG,"Adjusted net enrolment rate, primary, gender parity index (GPI)",UIS.NERA.1.GPI,,,0.863659978,,0.874930024,,0.913410008,,0.942110002,0.947440028,0.976069987,0.977419972,0.982490003,0.992919981,0.983179986,,,,,,,,,,,,,,,,,,,,,1.194219947,0.901650012,,,,0.962369978,,1.08743,,,,,,,,,,,,,,,,,,,,,,
Costa Rica,CRI,"Adjusted net enrolment rate, primary, gender parity index (GPI)",UIS.NERA.1.GPI,0.987699986,,0.990679979,0.98605001,,1.001739979,1.003180027,,0.995010018,0.99594003,0.99842,0.996379972,1.000380039,,,0.998049974,1.003880024,1.003540039,,1.001440048,1.004979968,1.008479953,,,,,,,,,,,,,,,,,,,,1.002410054,1.002719998,1.004240036,0.999979973,,,,,,,,,,,,,,,,,,,,
Côte d'Ivoire,CIV,"Adjusted net enrolment rate, primary, gender parity index (GPI)",UIS.NERA.1.GPI,,,,,,,,0.632350028,,,,,,,,,,,,,,,,,,,0.748149991,0.749549985,,0.758430004,0.740149975,0.756410003,0.737169981,0.809689999,,,,,,0.835600019,0.835600019,0.835600019,0.835600019,0.927070022,0.889270008,,,,,,,,,,,,,,,,,,,,
Croatia,HRV,"Adjusted net enrolment rate, primary, gender parity index (GPI)",UIS.NERA.1.GPI,,,,,,,,,,,,,,,,,,,,,,,,,,,,,0.994229972,0.995819986,0.995509982,0.992110014,0.99338001,0.994449973,,1.020239949,1.019379973,1.021800041,1.028339982,1.007419944,1.024449944,1.02444005,1.022979975,,1.026129961,,,,,,,,,,,,,,,,,,,,
Cuba,CUB,"Adjusted net enrolment rate, primary, gender parity index (GPI)",UIS.NERA.1.GPI,,,1.017629981,1.010310054,1.007990003,,,,,0.994539976,0.987730026,0.995480001,0.996789992,0.992169976,1.003450036,0.996029973,0.994159997,0.991789997,0.986930013,0.989359975,1.000210047,1.002220035,1.006489992,1.004649997,1.003389955,1.004809976,0.994970024,0.993149996,0.99515003,0.993499994,0.992839992,0.992640018,0.998520017,0.998790026,0.995649993,1.001320004,1.008859992,0.995739996,0.999859989,,1.004089952,1.005270004,1.006860018,1.004140019,1.007529974,,,,,,,,,,,,,,,,,,,,
Curacao,CUW,"Adjusted net enrolment rate, primary, gender parity index (GPI)",UIS.NERA.1.GPI,,,,,,,,,,,,,,,,,,,,,,,,,,,,,,,,,,,,,,,,,,,,,,,,,,,,,,,,,,,,,,,,,
Cyprus,CYP,"Adjusted net enrolment rate, primary, gender parity index (GPI)",UIS.NERA.1.GPI,,0.996079981,0.995930016,0.994279981,0.986209989,0.993770003,0.99387002,1.000939965,1.004690051,1.011970043,1.013720036,1.008370042,1.014289975,0.998780012,0.992190003,0.993929982,0.99217999,0.990750015,0.98605001,0.987770021,0.998979986,0.999930024,0.995909989,1.000779986,0.997259974,0.998359978,0.994780004,1.001839995,,0.99921,1.006649971,1.00553,1.00541997,1.003640056,0.998700023,1.001649976,0.999939978,0.99804002,0.994239986,0.994140029,1.003530025,0.999270022,1.003360033,1.008780003,1.013190031,,,,,,,,,,,,,,,,,,,,
Czechia,CZE,"Adjusted net enrolment rate, primary, gender parity index (GPI)",UIS.NERA.1.GPI,,,,,,,,,,,,,,,,,,,,,,,,,,,,,,,,,,,,,,,,,,,,,,,,,,,,,,,,,,,,,,,,,
Denmark,DNK,"Adjusted net enrolment rate, primary, gender parity index (GPI)",UIS.NERA.1.GPI,,,,,,,,,,,,1.002150059,1.001809955,1.002779961,0.99891001,1.004609942,0.998640001,1.002220035,1.003190041,1.002799988,1.003020048,1.001139998,0.997959971,0.997269988,0.997690022,1.003299952,0.998809993,,,1.00672996,1.011849999,,,,1.011639953,1.013380051,1.015810013,1.016459942,1.024350047,1.02402997,1.022510052,1.01188004,1.009789944,1.006870031,1.005959988,,,,,,,,,,,,,,,,,,,,
Djibouti,DJI,"Adjusted net enrolment rate, primary, gender parity index (GPI)",UIS.NERA.1.GPI,,,,,,,,,,,,,,,,0.751100004,0.730490029,0.715640008,0.728860021,0.74654001,0.767490029,,0.750450015,0.787129998,0.789460003,0.795170009,0.77068001,0.769550025,,0.731679976,0.763140023,0.76809001,0.776650012,,0.799790025,0.81882,0.825990021,0.861450016,0.900340021,0.908249974,,0.900269985,0.900269985,0.889909983,0.864859998,0.889590025,,,,,,,,,,,,,,,,,,,
Dominica,DMA,"Adjusted net enrolment rate, primary, gender parity index (GPI)",UIS.NERA.1.GPI,,,,,,,1.011530042,1.044270039,,1.080189943,1.025390029,1.111680031,1.012959957,,,,,,,,,,,,,,,,,,,,,,1.026800036,1.031069994,1.045040011,0.996699989,0.994669974,1.03302002,,,,,,,,,,,,,,,,,,,,,,,,,
Dominican Republic,DOM,"Adjusted net enrolment rate, primary, gender parity index (GPI)",UIS.NERA.1.GPI,,,,,,,,,,,,,,,,,,,,,,,,,,,,,,1.01364994,1.011899948,,0.957180023,0.944989979,1.023010015,1.022220016,1.039420009,1.018049955,1.01760006,0.918590009,0.94581002,0.974870026,0.97874999,0.986450016,0.989690006,,,,,,,,,,,,,,,,,,,,
Ecuador,ECU,"Adjusted net enrolment rate, primary, gender parity index (GPI)",UIS.NERA.1.GPI,,0.988139987,,0.983120024,0.989839971,1.000319958,1.000659943,0.996110022,0.99397999,0.98672998,0.988579988,,,,,,,,,,,,,,1.007279992,1.007429957,1.008999944,1.008149981,1.012089968,1.014289975,1.010460019,1.013530016,,,,,,,,1.027259946,1.01718998,1.01718998,1.01718998,,1.021669984,,,,,,,,,,,,,,,,,,,,
Egypt,EGY,"Adjusted net enrolment rate, primary, gender parity index (GPI)",UIS.NERA.1.GPI,,0.66328001,0.659179986,0.656979978,,,,,0.692700028,,,,,,,,,,,,,,,,0.86401999,,,0.894460022,,0.940060019,0.948530018,0.957629979,0.966560006,0.971750021,0.982739985,,,,,,,,0.976090014,,1.008239985,,,,,,,,,,,,,,,,,,,,
El Salvador,SLV,"Adjusted net enrolment rate, primary, gender parity index (GPI)",UIS.NERA.1.GPI,0.965170026,,,,,,,,,,,,,,,,,,,,,,,,,,,,1.169239998,,0.997389972,1.004449964,1.005609989,1.001899958,,1.00996995,1.007869959,1.010050058,1.01086998,1.009379983,1.003010035,1.000450015,0.999629974,1.004050016,1.006979942,,,,,,,,,,,,,,,,,,,,
Equatorial Guinea,GNQ,"Adjusted net enrolment rate, primary, gender parity index (GPI)",UIS.NERA.1.GPI,,,,,,,,,,,,,,,,,,,,,,,,,0.97517997,,,,,,0.80734998,0.871680021,0.854460001,0.902209997,,,,,0.976230025,0.986450016,0.994859993,1.001170039,0.999459982,,,,,,,,,,,,,,,,,,,,,,
Eritrea,ERI,"Adjusted net enrolment rate, primary, gender parity index (GPI)",UIS.NERA.1.GPI,,,,,,,,,,,,,,,,,,,,,,,0.915989995,,0.917249978,0.918060005,0.922659993,0.915090024,,0.880900025,0.881009996,0.877839983,0.865190029,0.867009997,0.865920007,0.873600006,0.888719976,0.899230003,0.891579986,0.895049989,0.891579986,0.881820023,0.880069971,0.899879992,,,,,,,,,,,,,,,,,,,,,
Estonia,EST,"Adjusted net enrolment rate, primary, gender parity index (GPI)",UIS.NERA.1.GPI,,,,,,,,,,,,,,,,,,,,,,,,,,0.978540003,0.984969974,,,1.016520023,1.020089984,1.021389961,,1.016499996,1.017060041,1.008280039,1.001889944,1.003780007,0.997879982,0.991550028,0.990320027,1.002470016,1.003250003,0.997579992,,,,,,,,,,,,,,,,,,,,,
Ethiopia,ETH,"Adjusted net enrolment rate, primary, gender parity index (GPI)",UIS.NERA.1.GPI,,,,,,,,,,,,,,,,,,0.705730021,0.698090017,0.725709975,,,,,0.684689999,0.651080012,0.635619998,,0.660809994,0.699909985,0.742320001,0.777939975,0.797389984,0.813839972,0.855939984,0.896939993,0.923569977,0.932669997,0.938310027,0.954190016,0.950100005,0.945550025,0.947640002,,0.935819983,,,,,,,,,,,,,,,,,,,,
Faroe Islands,FRO,"Adjusted net enrolment rate, primary, gender parity index (GPI)",UIS.NERA.1.GPI,,,,,,,,,,,,,,,,,,,,,,,,,,,,,,,,,,,,,,,,,,,,,,,,,,,,,,,,,,,,,,,,,
Fiji,FJI,"Adjusted net enrolment rate, primary, gender parity index (GPI)",UIS.NERA.1.GPI,,,,,,,,,,,,,,,,,,,,,,,1.00079,,1.002400041,1.005849957,0.994970024,0.995169997,1.000480056,1.00624001,1.000519991,1.002429962,,1.011759996,1.003450036,,1.007799983,,,1.004719973,,,1.026819944,1.026819944,,,,,,,,,,,,,,,,,,,,,
Finland,FIN,"Adjusted net enrolment rate, primary, gender parity index (GPI)",UIS.NERA.1.GPI,,,,,,,,,,,,,,,,,,,,,,,,0.999050021,1.001209974,1.000769973,1.005879998,1.001299977,0.997020006,,,1.001340032,1.000429988,0.99883002,0.998269975,1.001489997,1.004600048,1.003620028,0.999339998,1,1.000460029,1.000740051,1.001569986,1.004209995,1.007500052,,,,,,,,,,,,,,,,,,,,
France,FRA,"Adjusted net enrolment rate, primary, gender parity index (GPI)",UIS.NERA.1.GPI,,1.018390059,1.019269943,,,,,,,,,,1.00059998,1.005910039,,1.003550053,0.99921,,,,,,1.00030005,0.999830008,0.998210013,0.998340011,0.999409974,1.002020001,,1.003659964,1.004600048,1.003909945,1.004449964,1.003370047,1.004379988,1.003149986,1.001790047,1.001430035,1.002040029,1.003209949,1.003399968,1.008360028,1.010609984,1.005859971,1.004150033,,,,,,,,,,,,,,,,,,,,
French Polynesia,PYF,"Adjusted net enrolment rate, primary, gender parity index (GPI)",UIS.NERA.1.GPI,,,,,,,,,,,,,,,,,,,,,,,,,,,,,,,,,,,,,,,,,,,,,,,,,,,,,,,,,,,,,,,,,
Gabon,GAB,"Adjusted net enrolment rate, primary, gender parity index (GPI)",UIS.NERA.1.GPI,,,,,,,,,,,,,,,,,,,,,,,,,,,,0.997070014,,,,,,,,,,,,,,,,,,,,,,,,,,,,,,,,,,,,,
"Gambia, The",GMB,"Adjusted net enrolment rate, primary, gender parity index (GPI)",UIS.NERA.1.GPI,,0.477290004,0.49871999,0.512470007,0.526880026,0.531920016,0.519659996,0.491160005,0.489250004,0.482069999,0.500090003,0.529789984,0.53836,0.557410002,0.599749982,0.610119998,0.629149973,,,,,,0.712880015,0.729650021,,,0.796540022,,0.845759988,0.870050013,0.900059998,0.933870018,0.934329987,0.992990017,1.030369997,1.052739978,1.051570058,1.061470032,1.079190016,,1.040269971,1.054720044,1.067860007,1.068670034,1.085319996,,,,,,,,,,,,,,,,,,,,
Georgia,GEO,"Adjusted net enrolment rate, primary, gender parity index (GPI)",UIS.NERA.1.GPI,,,,,,,,,,,,,,,,,,,,,,,,,,0.981710017,1.008929968,0.985639989,,,,,,,0.95875001,0.978009999,1.013339996,0.97608,,,,,,,,,,,,,,,,,,,,,,,,,,,
Germany,DEU,"Adjusted net enrolment rate, primary, gender parity index (GPI)",UIS.NERA.1.GPI,,,,,,,,,,,,,,,,,,,,,,,,,,,,,,,,,,,,,,,,,,,,,,,,,,,,,,,,,,,,,,,,,
Ghana,GHA,"Adjusted net enrolment rate, primary, gender parity index (GPI)",UIS.NERA.1.GPI,,,,,,,,,,,,,,,,,,,,,,,,,,,,,,0.96250999,0.97122997,0.982389987,0.989390016,1.002220035,1.007859945,0.990570009,1.008479953,1.001700044,1.004809976,1.000859976,,1.003190041,0.970730007,1.00316,1.003710032,1.005020022,,,,,,,,,,,,,,,,,,,
Gibraltar,GIB,"Adjusted net enrolment rate, primary, gender parity index (GPI)",UIS.NERA.1.GPI,,,,,,,,,,,,,,,,,,,,,,,,,,,,,,,,,,,,,,,,,,,,,,,,,,,,,,,,,,,,,,,,,
Greece,GRC,"Adjusted net enrolment rate, primary, gender parity index (GPI)",UIS.NERA.1.GPI,,1.000990033,1.001649976,1.001160026,0.999199986,0.999100029,1.002279997,1.005049944,1.006530046,1.004699945,1.000589967,1.008370042,1.005820036,,,,,1.00928998,1.010840058,1.009060025,1.003239989,1.003340006,1.010640025,1.00861001,1.007550001,1.029080033,1.014129996,1.009840012,1.009060025,1.006970048,1.004950047,1.004760027,0.994449973,0.990499973,0.975960016,0.977599978,0.975499988,0.98040998,,,0.98556,0.98743999,0.989329994,0.990930021,,,,,,,,,,,,,,,,,,,,,
Greenland,GRL,"Adjusted net enrolment rate, primary, gender parity index (GPI)",UIS.NERA.1.GPI,,,,,,,,,,,,,,,,,,,,,,,,,,,,,,,,,,,,,,,,,,,,,,,,,,,,,,,,,,,,,,,,,
Grenada,GRD,"Adjusted net enrolment rate, primary, gender parity index (GPI)",UIS.NERA.1.GPI,,,1.008440018,,,,,1.000079989,,,0.964039981,0.989639997,0.991580009,0.994870007,1.002470016,,,,,,,,,,,,,,,,,,0.984740019,,1.001760006,1.016880035,,1.011420012,1.01425004,1.036389947,,,1.000540018,1.000540018,0.998170018,,,,,,,,,,,,,,,,,,,,
Guam,GUM,"Adjusted net enrolment rate, primary, gender parity index (GPI)",UIS.NERA.1.GPI,,,,,,,,,,,,,,,,,,,,,,,,,,,,,,,,,,,,,,,,,,,,,,,,,,,,,,,,,,,,,,,,,
Guatemala,GTM,"Adjusted net enrolment rate, primary, gender parity index (GPI)",UIS.NERA.1.GPI,0.84224999,0.838429987,0.841229975,,0.855080009,0.85424,,,0.863179982,,,0.869499981,0.890009999,0.880970001,,,,,,,,,,,,,,0.897790015,,0.917859972,0.931569993,0.935410023,0.948140025,,0.958700001,0.964250028,0.968020022,0.973670006,0.977450013,0.987169981,0.996330023,0.998809993,0.997940004,0.997829974,0.997780025,,,,,,,,,,,,,,,,,,,,
Guinea,GIN,"Adjusted net enrolment rate, primary, gender parity index (GPI)",UIS.NERA.1.GPI,,,,,,,,,,,,,,,0.476639986,0.457789987,0.465790004,0.45848,0.467920005,0.477120012,0.480729997,0.49515,,,,,,,0.639710009,0.672010005,0.720189989,0.747200012,0.76493001,0.78688997,0.804849982,0.825129986,0.84671998,0.855239987,0.853399992,0.855270028,0.833710015,0.862959981,0.860889971,0.859309971,0.863170028,,,,,,,,,,,,,,,,,,,,
Guinea-Bissau,GNB,"Adjusted net enrolment rate, primary, gender parity index (GPI)",UIS.NERA.1.GPI,,,,,,,,,,,,0.496710002,0.470640004,,0.500829995,0.516529977,,0.553969979,0.552330017,,,,,,,,,,,,0.707549989,,,,,,,,,,0.952560008,0.952560008,0.952560008,,,,,,,,,,,,,,,,,,,,,,
Guyana,GUY,"Adjusted net enrolment rate, primary, gender parity index (GPI)",UIS.NERA.1.GPI,,0.990029991,0.989650011,,1.000040054,,0.990279973,0.979349971,,0.973720014,,,0.940410018,,,,,,,,,,,,,0.963850021,1.01947999,,,,,,,0.907389998,,,,,0.990209997,0.976549983,0.964579999,0.953239977,0.966159999,,,,,,,,,,,,,,,,,,,,,,
Haiti,HTI,"Adjusted net enrolment rate, primary, gender parity index (GPI)",UIS.NERA.1.GPI,,,,,,,,,,,,0.98071003,0.936150014,0.962970018,0.956040025,0.931840003,0.958169997,1.003679991,,,,,,,,,,0.984290004,,,,,,,,,,,,,,,,,,,,,,,,,,,,,,,,,,,,,
Honduras,HND,"Adjusted net enrolment rate, primary, gender parity index (GPI)",UIS.NERA.1.GPI,,,,,,,,,,1.010319948,1.007840037,,1.000689983,1.014150023,1.019379973,,1.04489994,,,,,1.012859941,,1.011680007,,,,,,,1.009979963,,,1.020760059,1.022140026,1.020959973,1.019009948,1.015140057,1.01801002,1.01699996,1.019000053,1.010849953,1.011510015,1.013170004,1.005859971,,,,,,,,,,,,,,,,,,,,
"Hong Kong SAR, China",HKG,"Adjusted net enrolment rate, primary, gender parity index (GPI)",UIS.NERA.1.GPI,,0.992820024,0.990130007,0.989040017,0.983609974,0.980870008,0.986490011,0.996490002,0.999149978,0.998340011,0.989329994,0.984990001,0.99131,0.99417001,0.995779991,0.999100029,,,,,,,,,,1.01323998,0.994440019,,,,,,,,,,,,,,,,0.989499986,0.99059999,0.994419992,,,,,,,,,,,,,,,,,,,,
Hungary,HUN,"Adjusted net enrolment rate, primary, gender parity index (GPI)",UIS.NERA.1.GPI,,,,,,,,,,,,,,,,,,,,,,,,,,,0.97262001,0.983389974,1.003409982,1.001209974,1.002699971,1.003990054,1.004359961,1.001610041,1.001860023,0.997669995,1.000589967,0.999759972,1.000869989,1.004999995,1.005740047,1.003540039,1.003720045,0.99980998,1.00030005,,,,,,,,,,,,,,,,,,,,
Iceland,ISL,"Adjusted net enrolment rate, primary, gender parity index (GPI)",UIS.NERA.1.GPI,,,,,,,,,,,,,,,,,,,,,,,,,0.998340011,,1.008350015,1.007490039,0.994949996,,,,,,0.980080009,0.97744,0.989139974,1.004940033,1.005190015,1.003960013,1.005970001,1.006260037,1.004040003,,,,,,,,,,,,,,,,,,,,,,
India,IND,"Adjusted net enrolment rate, primary, gender parity index (GPI)",UIS.NERA.1.GPI,,0.654690027,,,,,,,,,,,,,,,,,,,0.737089992,,,,,,,,,,0.841920018,0.857739985,0.869570017,0.970420003,,,,0.985140026,1.012799978,1.024790049,1.01970005,1.028349996,1.014050007,1.013960004,,,,,,,,,,,,,,,,,,,,,
Indonesia,IDN,"Adjusted net enrolment rate, primary, gender parity index (GPI)",UIS.NERA.1.GPI,,0.866190016,0.867980003,,0.815760016,0.879159987,0.890590012,,0.899070024,,,0.903339982,,,,,,0.97052002,,0.96706003,0.969210029,0.970109999,0.966210008,0.967999995,0.96408999,0.960839987,0.973469973,0.972940028,,,,0.985430002,0.991110027,0.983860016,1.031209946,0.97161001,0.971809983,0.965200007,0.982620001,0.979879975,1.007789969,1.041020036,1.010589957,1.010089993,0.989400029,,,,,,,,,,,,,,,,,,,,
Iran,IRN,"Adjusted net enrolment rate, primary, gender parity index (GPI)",UIS.NERA.1.GPI,,,,,,,,,,,,,,,0.81062001,0.83476001,0.855470002,0.863979995,0.889649987,0.913290024,0.912220001,,0.942929983,,,,,0.957899988,,0.958379984,0.964619994,,0.955229998,0.963270009,0.967299998,0.975510001,,1.006139994,1.006139994,1.006139994,1.006139994,1.006139994,1.006139994,,,,,,,,,,,,,,,,,,,,,,
Iraq,IRQ,"Adjusted net enrolment rate, primary, gender parity index (GPI)",UIS.NERA.1.GPI,,0.446819991,0.445410013,0.455440015,0.471850008,0.527639985,0.55092001,0.603179991,0.645099998,0.826830029,0.892589986,0.921010017,,0.919390023,,0.887329996,0.889750004,0.885909975,0.905210018,0.874930024,,,,0.900070012,,,0.892470002,,,0.869310021,0.869050026,,,,0.875630021,,,0.886089981,0.886089981,0.886089981,0.886089981,0.886089981,0.886089981,,,,,,,,,,,,,,,,,,,,,,
Ireland,IRL,"Adjusted net enrolment rate, primary, gender parity index (GPI)",UIS.NERA.1.GPI,,1.013499975,1.009719968,1.010730028,1.011070013,1.014449954,1.008990049,1.004770041,1.00869,1.010640025,1.013389945,1.015660048,1.012459993,1.013100028,,,1.019559979,1.018239975,1.018100023,1.02128005,1.023030043,1.01801002,1.014610052,1.014089942,1.01493001,1.015730023,1.016729951,1.015359998,1.004670024,,,,,,,,,,,,1.00635004,0.997680008,1.007560015,1.007269979,,,,,,,,,,,,,,,,,,,,,
Isle of Man,IMN,"Adjusted net enrolment rate, primary, gender parity index (GPI)",UIS.NERA.1.GPI,,,,,,,,,,,,,,,,,,,,,,,,,,,,,,,,,,,,,,,,,,,,,,,,,,,,,,,,,,,,,,,,,
Israel,ISR,"Adjusted net enrolment rate, primary, gender parity index (GPI)",UIS.NERA.1.GPI,,,,,,,,,,,,,,,,,,,,,,,,,,,,,,0.995419979,0.995630026,1.001549959,1.001700044,1.001929998,1.00522995,1.006649971,1.009439945,1.009330034,1.008419991,1.006700039,1.007740021,1.007019997,1.00620997,1.005470037,1.005949974,,,,,,,,,,,,,,,,,,,,
Italy,ITA,"Adjusted net enrolment rate, primary, gender parity index (GPI)",UIS.NERA.1.GPI,,,,,,,1.015490055,,,1.000509977,,,,,,1.003430009,,,,,,,,,,,0.992439985,0.998600006,,,0.999409974,0.997600019,0.997500002,0.995429993,0.996680021,0.991550028,0.990620017,0.98931998,0.988870025,0.990440011,0.991959989,0.990019977,0.993070006,0.995270014,,,,,,,,,,,,,,,,,,,,,
Jamaica,JAM,"Adjusted net enrolment rate, primary, gender parity index (GPI)",UIS.NERA.1.GPI,,,,,,1.023790002,1.024860024,1.029299974,,1.032320023,1.039759994,1.025460005,,1.031080008,1.031100035,1.027670026,1.026100039,0.993110001,1.006199956,1.011790037,1.003219962,1.003810048,,0.977240026,,,,,,1.00127995,1.000589967,1.002189994,1.010409951,1.012789965,1.011389971,1.011389971,1.011389971,1.011389971,1.011389971,1.011389971,1.011389971,1.011389971,1.011389971,,,,,,,,,,,,,,,,,,,,,,
Japan,JPN,"Adjusted net enrolment rate, primary, gender parity index (GPI)",UIS.NERA.1.GPI,,,0.998300016,0.999339998,1.000100017,1.001670003,,,,,,,1.001000047,1.001240015,1.001299977,,,,,,,,,,,,,,,,,,,,,,,,,,0.999930024,1.000010014,0.999909997,1,,,,,,,,,,,,,,,,,,,,,
Jordan,JOR,"Adjusted net enrolment rate, primary, gender parity index (GPI)",UIS.NERA.1.GPI,,,0.870989978,,,,,,,,0.996280015,1.012650013,1.008090019,1.024760008,1.025220037,1.051810026,,,,,,,,,,,,,,1.019090056,,,,,,,,1.027089953,1.021540046,,0.999830008,0.996659994,0.989549994,,,,,,,,,,,,,,,,,,,,,,
Kazakhstan,KAZ,"Adjusted net enrolment rate, primary, gender parity index (GPI)",UIS.NERA.1.GPI,,,,,,,,,,,,,,,,,,,,,,,,,,,,,,,1.018829942,1.00533998,1.004199982,1.008700013,1.006360054,1.007099986,1.007240057,1.001070023,1.003260016,1.003110051,,1.008049965,1.004780054,1.004770041,1.00206995,1.000869989,,,,,,,,,,,,,,,,,,,
Kenya,KEN,"Adjusted net enrolment rate, primary, gender parity index (GPI)",UIS.NERA.1.GPI,,,,,,,,,,,,,,,,,,,,,,,,,,,,,,1.015290022,1.031890035,1.026440024,1.013039947,1.003440022,1.002560019,1.006960034,1.018249989,1.001289964,1.014510036,1.013520002,,,1.042240024,,,,,,,,,,,,,,,,,,,,,,
Kiribati,KIR,"Adjusted net enrolment rate, primary, gender parity index (GPI)",UIS.NERA.1.GPI,,,,,,,,,,,,,,,,1.000390053,1.02125001,1.006690025,,0.998780012,,,,,,,,,,,,,,,,,,,,,,,,,,,,,,,,,,,,,,,,,,,,,
North Korea,PRK,"Adjusted net enrolment rate, primary, gender parity index (GPI)",UIS.NERA.1.GPI,,,,,,,,,,,,,,,,,,,,,,,,,,,,,,,,,,,,,,,,1.000820041,1.000820041,1.000820041,1.000820041,,,,,,,,,,,,,,,,,,,,,,
South Korea,KOR,"Adjusted net enrolment rate, primary, gender parity index (GPI)",UIS.NERA.1.GPI,,0.985880017,0.99357003,0.994599998,0.995729983,0.999830008,0.999530017,0.999759972,1.000290036,1.000810027,,,,,1.003499985,1.006500006,1.006669998,,,,,,,,,,,,1.014700055,1.012400031,1.004639983,0.997250021,0.994210005,,,,,1.002900004,1.002169967,0.996720016,0.99109,0.992770016,0.993009984,0.993510008,,,,,,,,,,,,,,,,,,,,,
Kosovo,XKX,"Adjusted net enrolment rate, primary, gender parity index (GPI)",UIS.NERA.1.GPI,,,,,,,,,,,,,,,,,,,,,,,,,,,,,,,,,,,,,,,,,,,,,,,,,,,,,,,,,,,,,,,,,
Kuwait,KWT,"Adjusted net enrolment rate, primary, gender parity index (GPI)",UIS.NERA.1.GPI,,0.799009979,0.876829982,0.88233,0.860199988,0.866060019,0.897909999,0.918869972,0.85194999,0.835110009,0.88894999,0.896979988,0.912060022,0.951059997,0.983060002,0.971849978,0.976769984,0.982909977,0.967299998,,,,0.940180004,,0.958989978,,1.006199956,1.071760058,,1.057219982,1.041020036,1.025560021,,,,0.98913002,,1.007580042,1.032649994,,1.040199995,1.023509979,1.02899003,1.024309993,1.012539983,,,,,,,,,,,,,,,,,,,,
Kyrgyzstan,KGZ,"Adjusted net enrolment rate, primary, gender parity index (GPI)",UIS.NERA.1.GPI,,,,,,,,,,,,,,,,,,,,,,,,,,,0.957480013,,,0.997070014,0.996789992,0.990459979,0.991259992,0.993939996,1.005200028,1.001080036,0.994939983,0.996630013,0.996039987,1.000229955,0.995379984,0.997739971,0.991720021,0.990079999,0.991020024,,,,,,,,,,,,,,,,,,,,
Laos,LAO,"Adjusted net enrolment rate, primary, gender parity index (GPI)",UIS.NERA.1.GPI,,,,,,,,,,,,,,,,,,,,,,,0.866509974,0.863730013,0.864589989,,0.891979992,0.900340021,0.903779984,0.913590014,0.914950013,0.917599976,0.917460024,0.919939995,0.932519972,0.93769002,0.936940014,0.942870021,0.951849997,0.965049982,0.967159986,0.97694999,0.977519989,0.980610013,0.98368001,,,,,,,,,,,,,,,,,,,,
Latvia,LVA,"Adjusted net enrolment rate, primary, gender parity index (GPI)",UIS.NERA.1.GPI,,,,,,,,,,,,,,,,,,,,,,,,,,,,,,0.995360017,,,,,,,,,1.001620054,1.011829972,1.019659996,1.016739964,1.009909987,1.009029984,1.006410003,,,,,,,,,,,,,,,,,,,,
Lebanon,LBN,"Adjusted net enrolment rate, primary, gender parity index (GPI)",UIS.NERA.1.GPI,,,,,,,,,,,,,,,,,,,,,,,,,,,,0.972859979,,,,,,0.9727,0.959550023,0.945150018,0.932919979,0.933799982,0.935079992,0.927559972,0.932529986,0.930069983,0.93325001,0.935010016,,,,,,,,,,,,,,,,,,,,,
Lesotho,LSO,"Adjusted net enrolment rate, primary, gender parity index (GPI)",UIS.NERA.1.GPI,1.574139953,,1.566120028,1.526579976,1.497480035,,1.486410022,1.491109967,1.482570052,1.488649964,1.448719978,1.405709982,1.36875999,1.351050019,1.341009974,1.322100043,1.310969949,1.310799956,1.300140023,1.290439963,1.277950048,1.279979944,1.268329978,1.255859971,1.229030013,1.19701004,1.197900057,,1.163249969,1.143970013,1.09671998,1.093850017,1.083639979,1.080839992,1.072280049,1.069890022,1.064800024,1.053599954,1.057669997,1.06388998,1.050009966,1.040060043,1.042189956,1.049170017,1.04400003,,,,,,,,,,,,,,,,,,,,
Liberia,LBR,"Adjusted net enrolment rate, primary, gender parity index (GPI)",UIS.NERA.1.GPI,,,,,,,,,,,,,,,,,,,,,,,,,,,,,,0.776780009,,,,,,,1.003990054,,0.940219998,0.923640013,,0.947070003,0.947070003,,0.948740005,,,,,,,,,,,,,,,,,,,,
Libya,LBY,"Adjusted net enrolment rate, primary, gender parity index (GPI)",UIS.NERA.1.GPI,,0.689530015,0.751240015,,,,,,0.938579977,,,,,,,,,,,,,,,,,,,,,,,,,,,,,,,,,,,,,,,,,,,,,,,,,,,,,,,,
Liechtenstein,LIE,"Adjusted net enrolment rate, primary, gender parity index (GPI)",UIS.NERA.1.GPI,,,,,,,,,,,,,,,,,,,,,,,,,,,,,,,,,,,,,,,,,,,,,1.011610031,,,,,,,,,,,,,,,,,,,,
Lithuania,LTU,"Adjusted net enrolment rate, primary, gender parity index (GPI)",UIS.NERA.1.GPI,,,,,,,,,,,,,,,,,,,,,,,,,,,,,0.99891001,1.000740051,1.001139998,0.995090008,0.996309996,1.003059983,1.00059998,1.011559963,1.00462997,1.005849957,0.998070002,1.001250029,1.001620054,0.999779999,1.004570007,1.002429962,1.007959962,,,,,,,,,,,,,,,,,,,,
Luxembourg,LUX,"Adjusted net enrolment rate, primary, gender parity index (GPI)",UIS.NERA.1.GPI,,,1.014600039,1.021710038,1.007750034,1.007910013,1.008790016,1.025750041,1.022600055,,,1.00308001,1.015630007,1.002619982,1.01030004,,1.014750004,1.020810008,1.029029965,,,,,,,,,,,1.021440029,1.02294004,1.005900025,1.00308001,1.005620003,1.006790042,1.010319948,1.011289954,1.008929968,1.011600018,,1.01820004,1.021620035,1.008900046,1.018650055,,,,,,,,,,,,,,,,,,,,,
"Macao SAR, China",MAC,"Adjusted net enrolment rate, primary, gender parity index (GPI)",UIS.NERA.1.GPI,,,,,,,,,,,,,,,,,,,,,0.99447,,0.987919986,,,,,,,,,,,,,,,,,,,,,,,,,,,,,,,,,,,,,,,,,,
"Macedonia, FYR",MKD,"Adjusted net enrolment rate, primary, gender parity index (GPI)",UIS.NERA.1.GPI,,,,,,,,,,,,,,,,,,,,,,,,,,,,,0.972459972,0.971360028,0.984189987,0.992039979,0.999000013,0.994369984,0.98615998,0.983340025,0.98269999,0.980880022,0.989839971,0.985620022,0.988399982,,0.984309971,,,,,,,,,,,,,,,,,,,,,,
Madagascar,MDG,"Adjusted net enrolment rate, primary, gender parity index (GPI)",UIS.NERA.1.GPI,,,0.884930015,,,,,,,,,,,,,,,,,0.974709988,0.987309992,,,,,1.108919978,1.002760053,,,1.008100033,1.010100007,1.010949969,1.010840058,1.003190041,1.003190041,1.003190041,1.003190041,1.003190041,1.003190041,1.003190041,1.003190041,1.003190041,1.003190041,,,,,,,,,,,,,,,,,,,,,,
Malawi,MWI,"Adjusted net enrolment rate, primary, gender parity index (GPI)",UIS.NERA.1.GPI,,,,,,,,,,,,,,,,,,,,,,,,,,,,,,0.966369987,,,,,,,1.048280001,1.060220003,1.060220003,1.060220003,1.060220003,1.060220003,1.060220003,,,,,,,,,,,,,,,,,,,,,,
Malaysia,MYS,"Adjusted net enrolment rate, primary, gender parity index (GPI)",UIS.NERA.1.GPI,,,,,,,,,,,,,,,,,,,,,,,,,,,,,,,,,,,,,,,,,,,,,,,,,,,,,,,,,,,,,,,,,
Maldives,MDV,"Adjusted net enrolment rate, primary, gender parity index (GPI)",UIS.NERA.1.GPI,,,,,,,,,,,,,,,,,,,,,,,,,,,,0.998960018,,1.003000021,1.008129954,1.016250014,1.01560998,,,1.003110051,0.996360004,1.004559994,0.996230006,0.984619975,0.984619975,0.984619975,0.984619975,,,,,,,,,,,,,,,,,,,,,,
Mali,MLI,"Adjusted net enrolment rate, primary, gender parity index (GPI)",UIS.NERA.1.GPI,,0.606079996,,,,,,,,,,,,,,,,,,,,,,,,,,,,0.73022002,,,0.780499995,0.780579984,0.853070021,0.806029975,0.822719991,0.833419979,,0.848640025,0.861360013,0.873740017,0.879630029,,0.895550013,,,,,,,,,,,,,,,,,,,,
Malta,MLT,"Adjusted net enrolment rate, primary, gender parity index (GPI)",UIS.NERA.1.GPI,,1.012609959,0.99119997,1.001839995,1.012410045,1.003090024,0.988669991,1.004529953,,,,0.972299993,1.00375998,0.968640029,0.976930022,0.977590024,0.987909973,0.989220023,1.002439976,1.00999999,1.01154995,1.003139973,,,0.994019985,0.982230008,1.005439997,1.015349984,,,,,,,,,,,,,,0.896149993,0.89854002,0.920819998,0.95077002,,,,,,,,,,,,,,,,,,,,
Marshall Islands,MHL,"Adjusted net enrolment rate, primary, gender parity index (GPI)",UIS.NERA.1.GPI,,,,,,,,,,,,,,,,,,,,,,,,,,,,,,,,,0.987590015,,,,,,,,,,,,,,,,,,,,,,,,,,,,,,,,
Mauritania,MRT,"Adjusted net enrolment rate, primary, gender parity index (GPI)",UIS.NERA.1.GPI,,,,,,,,,,,,,,,,,,,,,,,,,0.843400002,0.851260006,0.885640025,,0.946259975,0.967779994,0.968729973,0.961520016,0.990239978,1.001340032,1.015799999,1.027690053,1.021720052,1.030089974,1.042359948,1.033849955,1.037009954,1.050060034,1.067770004,1.04629004,1.046980023,,,,,,,,,,,,,,,,,,,,
Mauritius,MUS,"Adjusted net enrolment rate, primary, gender parity index (GPI)",UIS.NERA.1.GPI,,,1.005310059,1.000740051,0.992709994,0.985409975,0.980159998,0.975600004,0.976809978,0.977940023,0.982869983,0.992869973,0.990949988,0.991609991,1.000339985,,1.00504005,,,,1.012629986,1.015190005,,1.013069987,1.007730007,1.007400036,1.001569986,1.001160026,1.003890038,1.004840016,1.002940059,1.010200024,1.013530016,1.017130017,1.014840007,1.011569977,1.014019966,1.01327002,1.009039998,1.015589952,1.021810055,1.024670005,1.021049976,1.024000049,1.021780014,,,,,,,,,,,,,,,,,,,,
Mexico,MEX,"Adjusted net enrolment rate, primary, gender parity index (GPI)",UIS.NERA.1.GPI,,0.985400021,,,,,,,,,,,,,,,,,,,,,,,,,,1.000849962,1.003039956,1.008380055,1.009520054,1.009410024,1.008589983,1.007590055,1.007329941,1.005650043,1.005439997,1.004600048,1.003489971,1.004529953,1.00612998,1.007869959,1.008620024,1.009670019,1.011260033,,,,,,,,,,,,,,,,,,,,
"Micronesia, Fed. Sts.",FSM,"Adjusted net enrolment rate, primary, gender parity index (GPI)",UIS.NERA.1.GPI,,,,,,,,,,,,,,,,,,,,,,,,,,,,,,,,,,,,,,,,,,,1.027899981,1.027899981,1.027899981,,,,,,,,,,,,,,,,,,,,
Moldova,MDA,"Adjusted net enrolment rate, primary, gender parity index (GPI)",UIS.NERA.1.GPI,,,,,,,,,,,,,,,,,,,,,,,,,,,,,,,0.989950001,0.976390004,0.995480001,0.991680026,0.997550011,0.997940004,1.004770041,0.992940009,0.989109993,0.988860011,1.000859976,0.992349982,0.998449981,1.000759959,0.998650014,,,,,,,,,,,,,,,,,,,,
Monaco,MCO,"Adjusted net enrolment rate, primary, gender parity index (GPI)",UIS.NERA.1.GPI,,,,,,,,,,,,,,,,,,,,,,,,,,,,,,,,,,,,,,,,,,,,,,,,,,,,,,,,,,,,,,,,,
Mongolia,MNG,"Adjusted net enrolment rate, primary, gender parity index (GPI)",UIS.NERA.1.GPI,,,,,,,,,,,,,,,,,,,,,,,,,,1.020630002,1.014289975,1.027870059,1.030940056,1.020670056,1.021729946,1.027259946,1.022629976,1.013419986,1.00048995,1.013849974,1.013859987,1.002390027,0.994679987,0.993849993,0.987600029,0.987429976,0.986249983,0.983370006,0.986999989,,,,,,,,,,,,,,,,,,,,
Montenegro,MNE,"Adjusted net enrolment rate, primary, gender parity index (GPI)",UIS.NERA.1.GPI,,,,,,,,,,,,,,,,,,,,,,,,,,,,,,,,,,0.999520004,,0.998300016,0.989390016,0.993860006,0.992439985,,,1.001369953,1.006109953,,,0.988969982,,,,,,,,,,,,,,,,,,,
Morocco,MAR,"Adjusted net enrolment rate, primary, gender parity index (GPI)",UIS.NERA.1.GPI,,,,,,0.592000008,0.614059985,0.600719988,0.604759991,0.611829996,0.618830025,0.629960001,0.642690003,0.65474999,0.657649994,0.661050022,0.662620008,0.66674,0.673479974,0.681219995,0.695309997,0.701200008,0.713859975,0.725350022,0.743210018,0.759419978,0.774720013,0.787689984,0.826349974,0.86431998,0.892650008,0.920939982,0.937950015,0.948520005,0.953180015,0.954479992,0.957029998,0.963670015,0.969810009,0.981980026,0.988110006,0.994480014,0.996720016,0.998570025,0.99770999,,,,,,,,,,,,,,,,,,,,
Mozambique,MOZ,"Adjusted net enrolment rate, primary, gender parity index (GPI)",UIS.NERA.1.GPI,,,,0.535369992,,,,,,0.822830021,,0.85473001,0.865339994,0.804270029,,0.834389985,0.837450027,0.833469987,,0.814710021,,0.777530015,0.778620005,0.762820005,0.755389988,0.757870018,,,0.771719992,0.792670012,0.812609971,0.831279993,0.870299995,,0.894259989,0.905409992,0.91663003,0.921609998,0.929849982,0.941839993,0.942589998,0.948949993,0.949930012,0.950010002,0.952929974,,,,,,,,,,,,,,,,,,,,
Myanmar,MMR,"Adjusted net enrolment rate, primary, gender parity index (GPI)",UIS.NERA.1.GPI,,0.89331001,,0.867540002,0.913110018,,,,0.916059971,,,,,,,,,,,,,,,,,,,,,,0.978219986,0.979189992,0.99119997,0.992910028,0.992940009,1.000440001,0.988129973,,0.992489994,0.982179999,0.988799989,0.988799989,0.988799989,,,,,,,,,,,,,,,,,,,,,,
Namibia,NAM,"Adjusted net enrolment rate, primary, gender parity index (GPI)",UIS.NERA.1.GPI,,,,,,,,,,,,,,,,,,,,1.095829964,1.089359999,,1.062139988,,,,,,1.062639952,1.071239948,1.063449979,1.062770009,1.066689968,1.065809965,1.067180037,1.066359997,1.055070043,1.060070038,1.049700022,1.047410011,1.044540048,,1.03629005,1.033609986,,,,,,,,,,,,,,,,,,,,,
Nauru,NRU,"Adjusted net enrolment rate, primary, gender parity index (GPI)",UIS.NERA.1.GPI,,,,,,,,,,,,,,,,,,,,,,,,,,,,,,,,,,,,,,,,,,,1.03144002,,0.952109993,,,,,,,,,,,,,,,,,,,,
Nepal,NPL,"Adjusted net enrolment rate, primary, gender parity index (GPI)",UIS.NERA.1.GPI,,,,,,,,,,,,,,0.416009992,0.438989997,,,,0.486990005,,,,,,,,,,,0.766740024,0.803579986,,,0.867039979,0.872089982,,,,,,,0.986370027,0.986370027,,0.985889971,0.984679997,,,,,,,,,,,,,,,,,,,
Netherlands,NLD,"Adjusted net enrolment rate, primary, gender parity index (GPI)",UIS.NERA.1.GPI,,1.021860003,1.02086997,1.023110032,1.02207005,1.02252996,1.023790002,1.026409984,1.027840018,1.030719995,1.032459974,1.034620047,1.036360025,1.038619995,1.039369941,1.039080024,1.030920029,1.03294003,1.034590006,1.036190033,1.038709998,1.03828001,1.029209971,1.039160013,0.995670021,,,,,0.989459991,0.990069985,,,0.987410009,0.984749973,0.986220002,0.985570014,0.985570014,0.985570014,0.985570014,0.985570014,0.985570014,0.985570014,,,,,,,,,,,,,,,,,,,,,,
New Caledonia,NCL,"Adjusted net enrolment rate, primary, gender parity index (GPI)",UIS.NERA.1.GPI,,,,,,,,,,,,,,,,,,,,,,,,,,,,,,,,,,,,,,,,,,,,,,,,,,,,,,,,,,,,,,,,,
New Zealand,NZL,"Adjusted net enrolment rate, primary, gender parity index (GPI)",UIS.NERA.1.GPI,,,,0.99804002,0.993330002,,,,,,,,,0.98378998,,,,,,,,0.996879995,0.996100008,,1.00059998,1.002460003,0.998080015,,0.998000026,0.999960005,1.002979994,0.994700015,0.995869994,0.99605,0.993449986,0.992429972,0.993910015,0.99891001,0.999260008,1.002889991,1.003409982,1.00770998,1.006379962,1.003589988,0.997210026,,,,,,,,,,,,,,,,,,,,
Nicaragua,NIC,"Adjusted net enrolment rate, primary, gender parity index (GPI)",UIS.NERA.1.GPI,,1.049020052,,1.05332005,,,,,,,1.037230015,,1.03350997,1.039360046,1.027629972,1.070680022,1.069319963,1.063830018,1.074560046,1.06972003,1.048789978,1.037960052,1.050359964,1.045639992,1.042430043,1.046759963,,,,1.029870033,1.032770038,1.029019952,1.020089984,,,,1.019829988,1.021550059,,,1.026139975,1.026139975,1.026139975,,,,,,,,,,,,,,,,,,,,,,
Niger,NER,"Adjusted net enrolment rate, primary, gender parity index (GPI)",UIS.NERA.1.GPI,,,,0.568099976,0.592869997,,,,,,,,,,,,0.557959974,,,0.583530009,0.594529986,0.599640012,0.607010007,,,,,0.635839999,0.65358001,0.670440018,0.685039997,0.685339987,0.682449996,0.695869982,0.698310018,0.717450023,0.72864002,0.74150002,0.774339974,0.789830029,0.802839994,0.816890001,0.836939991,0.843159974,0.855949998,,,,,,,,,,,,,,,,,,,,
Nigeria,NGA,"Adjusted net enrolment rate, primary, gender parity index (GPI)",UIS.NERA.1.GPI,,,,,,,,,,,,,,,,,,,,,,,,,,,,,,0.840539992,0.843209982,,,,0.872879982,0.879509985,0.896210015,0.81595999,0.823350012,0.831900001,0.843249977,0.843249977,0.843249977,,,,,,,,,,,,,,,,,,,,,,
Northern Mariana Islands,MNP,"Adjusted net enrolment rate, primary, gender parity index (GPI)",UIS.NERA.1.GPI,,,,,,,,,,,,,,,,,,,,,,,,,,,,,,,,,,,,,,,,,,,,,,,,,,,,,,,,,,,,,,,,,
Norway,NOR,"Adjusted net enrolment rate, primary, gender parity index (GPI)",UIS.NERA.1.GPI,,,,,,,,,1.005779982,1.008270025,,1.00327003,1.003509998,,1.003550053,1.001819968,0.99950999,1.003780007,0.998660028,0.999729991,1.001150012,,1.001260042,1.00375998,1.001539946,0.999329984,1.000869989,1.002419949,1.001549959,0.997889996,1.002300024,1.001539946,1.00229001,1.000460029,1.001549959,1.002900004,1.006600022,1.001250029,1.002099991,1.002429962,1.002239943,1.001520038,1.003929973,0.999119997,0.999570012,,,,,,,,,,,,,,,,,,,,
Oman,OMN,"Adjusted net enrolment rate, primary, gender parity index (GPI)",UIS.NERA.1.GPI,,,,0.227689996,0.333999991,0.386189997,0.444929987,,0.483440012,0.526549995,,0.587029994,0.622810006,0.700879991,0.743239999,0.818180025,0.91940999,0.892560005,0.909979999,0.917280018,0.932850003,0.953100026,0.961489975,0.990549982,1.008880019,1.004570007,0.990140021,1.0079,1.021540046,1.015490055,1.012210011,1.012989998,0.991450012,0.971660018,,,,,,0.940060019,,1.009500027,0.995660007,0.997319996,0.999939978,,,,,,,,,,,,,,,,,,,,
Pakistan,PAK,"Adjusted net enrolment rate, primary, gender parity index (GPI)",UIS.NERA.1.GPI,,,,,,,,,,,,,,,,,,,,,,,,,,,,,,,,,0.680980027,0.726490021,0.732850015,0.768649995,0.791079998,0.832910001,0.84246999,0.85352999,0.851909995,0.858009994,0.869809985,0.867820024,0.851849973,,,,,,,,,,,,,,,,,,,,
Palau,PLW,"Adjusted net enrolment rate, primary, gender parity index (GPI)",UIS.NERA.1.GPI,,,,,,,,,,,,,,,,,,,,,,,,,,,,,,,,,,,,,,,,,,,,,,,,,,,,,,,,,,,,,,,,,
Panama,PAN,"Adjusted net enrolment rate, primary, gender parity index (GPI)",UIS.NERA.1.GPI,1.009250045,1.010120034,1.00849998,1.005489945,,0.999549985,1.007200003,,1.003489971,1.009250045,1.003000021,1.004089952,1.003980041,1.001000047,0.997990012,1.000710011,0.989989996,0.996770024,1.002249956,1.006839991,1.004950047,,,,,,,,,0.992959976,0.99594003,0.99296999,0.988740027,,0.99071002,0.988929987,0.989870012,0.988629997,0.986639977,0.986790001,0.984369993,0.991829991,0.990580022,0.991410017,,,,,,,,,,,,,,,,,,,,,
Papua New Guinea,PNG,"Adjusted net enrolment rate, primary, gender parity index (GPI)",UIS.NERA.1.GPI,,,,,,,,,,,,,,,,,,,,0.841509998,,,,,,,,,,,,,,,,,,,,,,,0.924600005,,,,,,,,,,,,,,,,,,,,,,
Paraguay,PRY,"Adjusted net enrolment rate, primary, gender parity index (GPI)",UIS.NERA.1.GPI,0.972790003,,0.979799986,,,0.980019987,0.974699974,0.97627002,0.976710021,0.976790011,0.976119995,0.977429986,0.978389978,0.972949982,0.975950003,0.978550017,0.978439987,0.981480002,0.981320024,0.986679971,0.982450008,0.984740019,0.982280016,0.983510017,0.998889983,,1.004199982,,,1.004009962,1.00770998,1.006260037,1.005069971,1.003739953,1.006010056,1.007740021,1.00632,1.004349947,1.001350045,1.002949953,0.996959984,0.99831003,0.996720016,,,,,,,,,,,,,,,,,,,,,,
Peru,PER,"Adjusted net enrolment rate, primary, gender parity index (GPI)",UIS.NERA.1.GPI,0.899900019,,,,,,,,,,,0.954750001,,,,,,,,,,,,0.990559995,,0.990490019,,,0.997409999,,,,,,1.014989972,1.018470049,1.018059969,1.019180059,1.021340013,1.019170046,1.019400001,1.011839986,1.000219941,1.003090024,1.00830996,,,,,,,,,,,,,,,,,,,,
Philippines,PHL,"Adjusted net enrolment rate, primary, gender parity index (GPI)",UIS.NERA.1.GPI,,,,,,,,,,,,0.990090013,1.023800015,1.02165997,0.947679996,,1.001670003,0.983550012,1.013700008,1.013440013,0.982249975,,,,,,,,0.966359973,1.006950021,,1.018100023,1.027320027,1.020840049,1.023689985,1.025210023,1.026640058,1.028110027,1.033560038,1.036389947,1.036389947,1.036389947,1.036389947,1.041589975,,,,,,,,,,,,,,,,,,,,,
Poland,POL,"Adjusted net enrolment rate, primary, gender parity index (GPI)",UIS.NERA.1.GPI,,,,,,,,,,,,,,,,,,,,,,,,,,,,,,1.001649976,1.000460029,1.002560019,1.002529979,1.003769994,1.00395,1.004670024,1.004590034,1.004570007,1.002589941,1.00206995,1.001999974,1.002040029,1.001430035,1.001350045,,,,,,,,,,,,,,,,,,,,,
Portugal,PRT,"Adjusted net enrolment rate, primary, gender parity index (GPI)",UIS.NERA.1.GPI,,,,0.989719987,0.986010015,,0.988960028,0.986670017,0.987860024,,0.989929974,0.992030025,,,,,,,,,,1.003430009,,,0.982240021,,,,,,,,,,,,,,,1.002539992,1.002130032,0.998600006,0.999430001,1.000699997,0.997340024,,,,,,,,,,,,,,,,,,,,
Puerto Rico,PRI,"Adjusted net enrolment rate, primary, gender parity index (GPI)",UIS.NERA.1.GPI,,,,,,,,,,,,,,,,,,,,,,,,,,,,,,,,,,,,,,,,,1.06001997,1.062929988,1.065969944,1.048889995,,,,,,,,,,,,,,,,,,,,,
Qatar,QAT,"Adjusted net enrolment rate, primary, gender parity index (GPI)",UIS.NERA.1.GPI,,0.86303997,0.966099977,0.980650008,0.967209995,,1.045570016,0.967140019,0.965229988,0.949500024,,0.962700009,,0.949339986,0.976890028,1.011180043,1.062770009,0.992410004,1.001970053,0.989950001,0.974259973,0.989679992,0.969150007,0.991530001,0.997550011,,,,,1.095299959,1.088670015,1.074769974,0.956529975,,,,1.017379999,0.951740026,,0.983650029,0.986180007,0.96250999,0.96250999,,,,,,,,,,,,,,,,,,,,,,
Romania,ROU,"Adjusted net enrolment rate, primary, gender parity index (GPI)",UIS.NERA.1.GPI,,,,,,,,,,,,,,,,,,,,,,,,1.001180053,1.00090003,1.00109005,1.00237,1.002750039,1.005270004,1.00462997,1.004310012,0.998730004,0.99831003,0.997229993,0.998250008,0.996479988,1.000650048,1.001369953,0.998790026,0.997560024,0.994830012,0.994560003,0.992709994,,,,,,,,,,,,,,,,,,,,,,
Russia,RUS,"Adjusted net enrolment rate, primary, gender parity index (GPI)",UIS.NERA.1.GPI,,,,,,,,,,,,,,,,,,,,,,,,,1.001029968,1.004019976,,,,,,,,,,,1.016919971,1.013910055,1.011479974,1.015400052,,1.011819959,1.012920022,1.012439966,1.014420033,,,,,,,,,,,,,,,,,,,,
Rwanda,RWA,"Adjusted net enrolment rate, primary, gender parity index (GPI)",UIS.NERA.1.GPI,,,,0.824450016,0.818989992,0.838119984,,0.872730017,0.890049994,,,,,,,,,,,,,,,,,,,,,1.010429978,,,1.027250051,1.018489957,,,,,,,,,1.026829958,1.026829958,,,,,,,,,,,,,,,,,,,,,
Samoa,WSM,"Adjusted net enrolment rate, primary, gender parity index (GPI)",UIS.NERA.1.GPI,,,,,,,,,,,,,,,,,,,,,,,,,1.033450007,,,,1.066689968,1.009490013,1.031909943,1.038529992,,,,,,,,,1.006780028,1.023210049,1.027109981,,1.015400052,,,,,,,,,,,,,,,,,,,,
San Marino,SMR,"Adjusted net enrolment rate, primary, gender parity index (GPI)",UIS.NERA.1.GPI,,,,,,,,,,,,,,,,,,,,,,,,,,,,,,,,,,,,,,,,1.020300031,,,0.996800005,,,,,,,,,,,,,,,,,,,,,,
Sao Tome and Principe,STP,"Adjusted net enrolment rate, primary, gender parity index (GPI)",UIS.NERA.1.GPI,,,,,,,,,,,,,,0.986810029,0.98526001,,,,0.989289999,,,,,,,,,,,0.976189971,,,,,,,,1.015409946,1.008280039,1.038570046,1.021939993,,1.004760027,1.004760027,0.994710028,0.977169991,,,,,,,,,,,,,,,,,,,
Saudi Arabia,SAU,"Adjusted net enrolment rate, primary, gender parity index (GPI)",UIS.NERA.1.GPI,,,,,,,,,,0.562829971,,,,,,,,,,,,,,,,,,,,,,,,,,,,,,0.98506999,1.002740026,1.010149956,1.017570019,0.974160016,0.969430029,,,,,,,,,,,,,,,,,,,,
Senegal,SEN,"Adjusted net enrolment rate, primary, gender parity index (GPI)",UIS.NERA.1.GPI,,,,,,,,,0.679660022,0.682749987,0.686169982,0.682590008,0.681640029,0.68384999,0.689769983,0.698440015,0.693149984,,0.715499997,,0.746230006,,0.75989002,,,,0.80290997,0.824599981,0.848950028,0.84078002,0.879289985,,,0.917729974,0.963400006,0.97578001,0.993420005,1.008960009,1.02936995,1.043400049,1.055600047,1.064479947,1.078670025,,1.086560011,,,,,,,,,,,,,,,,,,,,
Serbia,SRB,"Adjusted net enrolment rate, primary, gender parity index (GPI)",UIS.NERA.1.GPI,,,,,,,,,,,,,,,,,,,,,,,,,,,,,,,,,,,,,1.000530005,0.998899996,0.998350024,0.991659999,0.996680021,1.002650023,1.004029989,1.007069945,1.005509973,,,,,,,,,,,,,,,,,,,,
Seychelles,SYC,"Adjusted net enrolment rate, primary, gender parity index (GPI)",UIS.NERA.1.GPI,,,,,,,,,,1.039819956,,,,,,,,,,,,,,0.986930013,1.022130013,1.032709956,1.023599982,,,,1.037340045,1.02098,0.999170005,0.986970007,0.996680021,0.983919978,0.983919978,0.983919978,0.983919978,0.983919978,0.983919978,0.983919978,0.983919978,,1.012089968,,,,,,,,,,,,,,,,,,,,
Sierra Leone,SLE,"Adjusted net enrolment rate, primary, gender parity index (GPI)",UIS.NERA.1.GPI,,,,,,,,,,,,,,0.697889984,,,,,,,,,,,,,,,,,,,,,,,,,,,,,0.987030029,,,,,,,,,,,,,,,,,,,,,,
Singapore,SGP,"Adjusted net enrolment rate, primary, gender parity index (GPI)",UIS.NERA.1.GPI,,,,,,,,,,,,,,,,,,,,,,,,,,,,,,,,,,,,,,,,,,,,,,,,,,,,,,,,,,,,,,,,,
Sint Maarten (Dutch part),SXM,"Adjusted net enrolment rate, primary, gender parity index (GPI)",UIS.NERA.1.GPI,,,,,,,,,,,,,,,,,,,,,,,,,,,,,,,,,,,,,,,,,,,,,,,,,,,,,,,,,,,,,,,,,
Slovak Republic,SVK,"Adjusted net enrolment rate, primary, gender parity index (GPI)",UIS.NERA.1.GPI,,,,,,,,,,,,,,,,,,,,,,,,,,,,,,,,,,,,,,,,,,,,,,,,,,,,,,,,,,,,,,,,,
Slovenia,SVN,"Adjusted net enrolment rate, primary, gender parity index (GPI)",UIS.NERA.1.GPI,,,,,,,,,,,,,,,,,,,,,,,,,,1.001029968,1.000159979,0.995199978,1.002609968,0.99861002,1.024430037,0.996829987,1.000399947,0.998480022,1.001459956,0.992039979,0.99289,0.992839992,0.99466002,0.997539997,0.999670029,1.006189942,1.009240031,1.011350036,1.010779977,,,,,,,,,,,,,,,,,,,,
Solomon Islands,SLB,"Adjusted net enrolment rate, primary, gender parity index (GPI)",UIS.NERA.1.GPI,,,,,,,,,,,,,,,,,,,,,,,,,,,,,,,,,,,,0.961359978,0.975199997,0.965380013,0.965380013,0.965380013,0.965380013,0.965380013,0.965380013,,,,,,,,,,,,,,,,,,,,,,
Somalia,SOM,"Adjusted net enrolment rate, primary, gender parity index (GPI)",UIS.NERA.1.GPI,,,,,,,0.636099994,0.676270008,0.692550004,0.682449996,0.604510009,,,,,,,,,,,,,,,,,,,,,,,,,,,,,,,,,,,,,,,,,,,,,,,,,,,,,,
South Africa,ZAF,"Adjusted net enrolment rate, primary, gender parity index (GPI)",UIS.NERA.1.GPI,1.039360046,,,,,,,,,,,,,,,,,,,,,1.030120015,,,1.015619993,1.01493001,,,1.041739941,1.054319978,1.060580015,1.074300051,1.086130023,1.094439983,1.108659983,1.129909992,1.129909992,1.129909992,1.129909992,1.129909992,1.129909992,1.129909992,1.129909992,,,,,,,,,,,,,,,,,,,,,,
South Sudan,SSD,"Adjusted net enrolment rate, primary, gender parity index (GPI)",UIS.NERA.1.GPI,,,,,,,,,,,,,,,,,,,,,,,,,,,,,,,,,,,,,,,,,,0.711880028,0.711880028,,,,,,,,,,,,,,,,,,,,,,
Spain,ESP,"Adjusted net enrolment rate, primary, gender parity index (GPI)",UIS.NERA.1.GPI,,1.030640006,1.033660054,1.029260039,,,,,1.004760027,1.008569956,,,,,,,,,1.000959992,1.002279997,0.998660028,,1.00296998,,,,,,,1.000849962,1.003180027,1.003219962,1.002200007,1.000740051,1.00138998,0.997919977,0.997039974,0.999339998,1.001479983,1.003960013,1.004529953,1.003260016,1.003679991,1.004410028,1.003469944,,,,,,,,,,,,,,,,,,,,
Sri Lanka,LKA,"Adjusted net enrolment rate, primary, gender parity index (GPI)",UIS.NERA.1.GPI,,,,,,,,,,,,,,,,,,,,,,,,,,,,,,,,,,1.001909971,,0.999689996,0.994629979,0.992799997,0.990980029,0.98654002,0.982879996,0.979300022,0.97943002,0.979950011,0.982089996,,,,,,,,,,,,,,,,,,,,
St. Kitts and Nevis,KNA,"Adjusted net enrolment rate, primary, gender parity index (GPI)",UIS.NERA.1.GPI,,,,,,,,,,,,,,,,0.899320006,0.967069983,,,,,,,,,,,,,,,,,1.026829958,1.05625999,1.019140005,,1.01481998,1.015460014,1.026129961,1.004959941,1.03252995,1.035709977,1.03994,1.035179973,,,,,,,,,,,,,,,,,,,,
St. Lucia,LCA,"Adjusted net enrolment rate, primary, gender parity index (GPI)",UIS.NERA.1.GPI,,,,,,,,,,,,1.107980013,1.078150034,,,,,,,,0.972069979,,,,,,,,,,0.957679987,0.945050001,0.976170003,0.974940002,0.969280005,0.969309986,0.969210029,0.972459972,0.972459972,0.972459972,0.972459972,0.972459972,0.972459972,,,,,,,,,,,,,,,,,,,,,,
St. Martin (French part),MAF,"Adjusted net enrolment rate, primary, gender parity index (GPI)",UIS.NERA.1.GPI,,,,,,,,,,,,,,,,,,,,,,,,,,,,,,,,,,,,,,,,,,,,,,,,,,,,,,,,,,,,,,,,,
St. Vincent and the Grenadines,VCT,"Adjusted net enrolment rate, primary, gender parity index (GPI)",UIS.NERA.1.GPI,,,,,,,,,,,,,,,0.999549985,,1.001559973,,,,,,,,,,,,,,,,,,,0.974240005,,,,,,1.000650048,0.978680015,0.978680015,0.993139982,,,,,,,,,,,,,,,,,,,,
Sudan,SDN,"Adjusted net enrolment rate, primary, gender parity index (GPI)",UIS.NERA.1.GPI,,,,,,,,,,,,,,,,,,,,,,,,,,,,,,,,,,,,,,,,,,0.893029988,1.048290014,,,,,,,,,,,,,,,,,,,,,,
Suriname,SUR,"Adjusted net enrolment rate, primary, gender parity index (GPI)",UIS.NERA.1.GPI,,,,,,,,0.990589976,0.979260027,,,,,,,,,,,,,,,,,,,,,,,,,,,1.008110046,1.001320004,0.98605001,0.997439981,1.005920053,,1.008939981,1.008939981,0.998820007,1.008460045,,,,,,,,,,,,,,,,,,,,
Swaziland,SWZ,"Adjusted net enrolment rate, primary, gender parity index (GPI)",UIS.NERA.1.GPI,1.011999965,1.013589978,1.01312995,1.010400057,1.027279973,1.034719944,1.034019947,1.029469967,1.038179994,1.044420004,,1.044860005,1.040240049,1.061840057,1.048769951,1.054239988,1.047440052,1.054170012,1.041829944,1.056699991,1.052899957,1.04203999,1.03283,1.028540015,1.03915,1.034430027,1.033699989,,1.042700052,1.037160039,1.020969987,1.025949955,1.022250056,1.023169994,1.027519941,1.023180008,1.009260058,1.02444005,,,,,0.993900001,0.993900001,,,,,,,,,,,,,,,,,,,,,
Sweden,SWE,"Adjusted net enrolment rate, primary, gender parity index (GPI)",UIS.NERA.1.GPI,,,,,,,,,,,,,1.002429962,,,,,0.997690022,0.999840021,0.999530017,1.000429988,1.002099991,,,,,,,,,0.993690014,,0.995540023,0.993470013,0.994180024,0.996169984,0.997319996,0.996609986,0.993589997,0.993910015,0.99346,0.995249987,0.997889996,1.001459956,1.002210021,,,,,,,,,,,,,,,,,,,,
Switzerland,CHE,"Adjusted net enrolment rate, primary, gender parity index (GPI)",UIS.NERA.1.GPI,,,,,,,,1.025560021,1.024590015,,,1.014860034,1.012869954,1.017570019,1.020519972,1.018100023,1.016819954,1.019109964,1.017869949,1.01256001,1.011940002,1.012940049,1.013090014,1.019090056,1.022269964,0.994459987,0.99713999,,,1.004080057,1.007879972,1.010529995,1.010910034,1.011440039,1.006270051,1.006659985,1.005290031,1.005349994,1.005720019,1.00474,1.004330039,1.005570054,1.007689953,1.004959941,1.004580021,,,,,,,,,,,,,,,,,,,,
Syria,SYR,"Adjusted net enrolment rate, primary, gender parity index (GPI)",UIS.NERA.1.GPI,,0.601580024,,0.657500029,,,,,0.71469003,0.734260023,0.773519993,0.796159983,0.824580014,0.841090024,0.860270023,0.878579974,0.894940019,0.910899997,0.914139986,0.919849992,0.91760999,,,,,,,0.929509997,,,,,,,,,0.983669996,0.984130025,0.984780014,0.982509971,,,0.980050027,0.980050027,,,,,,,,,,,,,,,,,,,,,
Tajikistan,TJK,"Adjusted net enrolment rate, primary, gender parity index (GPI)",UIS.NERA.1.GPI,,,,,,,,,,,,,,,,,,,,,,,,,,,,,,,0.932519972,0.922410011,0.950800002,0.957130015,0.96311003,0.966840029,0.959619999,0.967119992,0.966419995,0.967890024,0.971689999,0.970279992,0.978550017,0.982270002,0.996500015,1.004259944,,,,,,,,,,,,,,,,,,,
Tanzania,TZA,"Adjusted net enrolment rate, primary, gender parity index (GPI)",UIS.NERA.1.GPI,,,,,,,,,,,,0.981149971,1.006299973,1.028180003,,1.041470051,1.045740008,1.033380032,1.027009964,1.021900058,1.018370032,1.01481998,1.010419965,1.018839955,1.028920054,1.026950002,1.026280046,1.029549956,1.033959985,1.035079956,1.026149988,0.995930016,0.972859979,0.962490022,0.965680003,0.967890024,0.980949998,,0.993900001,,1.008219957,,1.008329988,1.01067996,,,,,,,,,,,,,,,,,,,,,
Thailand,THA,"Adjusted net enrolment rate, primary, gender parity index (GPI)",UIS.NERA.1.GPI,,,,0.905589998,0.917100012,,,,,,,,,,,,,,,,,,,,,,,,,,,,,,,,0.983349979,0.980229974,0.978900015,0.986859977,,,0.990740001,0.990740001,0.990740001,,,,,,,,,,,,,,,,,,,,
Timor-Leste,TLS,"Adjusted net enrolment rate, primary, gender parity index (GPI)",UIS.NERA.1.GPI,,,,,,,,,,,,,,,,,,,,,,,,,,,,,,,,,,,,,,,0.975489974,0.974799991,0.989170015,0.985909998,0.994310021,1.004240036,1.032580018,,,,,,,,,,,,,,,,,,,,
Togo,TGO,"Adjusted net enrolment rate, primary, gender parity index (GPI)",UIS.NERA.1.GPI,,0.456200004,0.490619987,,,,,,0.617169976,0.63906002,0.651979983,,0.657109976,0.691340029,0.662549973,0.663730025,0.666190028,0.654049993,0.667659998,0.671549976,0.690999985,0.706070006,,,0.712230027,0.730229974,0.73003,0.735660017,,,,0.807299972,,0.827080011,0.841189981,0.853999972,,0.876259983,0.88775003,0.88775003,0.88775003,0.88775003,0.88775003,,0.932889998,,,,,,,,,,,,,,,,,,,,
Tonga,TON,"Adjusted net enrolment rate, primary, gender parity index (GPI)",UIS.NERA.1.GPI,0.999000013,0.96736002,0.984520018,,0.991519988,1.001270056,,,,,,,,1.061910033,,1.023059964,0.994790018,,,,1.018399954,,,1.01620996,,,,,0.980589986,0.943650007,,,,,,,,,,,,,1.027940035,1.027940035,1.000380039,,,,,,,,,,,,,,,,,,,,
Trinidad and Tobago,TTO,"Adjusted net enrolment rate, primary, gender parity index (GPI)",UIS.NERA.1.GPI,,1.007269979,1.006420016,1.00711,1.005030036,1.007850051,1.019430041,1.003720045,1.013059974,1.014879942,1.008880019,1.024489999,1.009649992,1.03252995,1.017099977,1.019950032,1.021790028,1.013589978,1.016350031,1.01098001,1.041360021,1.001569986,1.000800014,1.004780054,,,1.001620054,1.007920027,,1.00872004,1.007539988,1.006749988,1.019690037,0.998239994,1.001999974,0.999670029,,0.985819995,0.994859993,0.968529999,0.993340015,0.993340015,0.993340015,,,,,,,,,,,,,,,,,,,,,,
Tunisia,TUN,"Adjusted net enrolment rate, primary, gender parity index (GPI)",UIS.NERA.1.GPI,,0.70156002,,,,0.683690012,,,0.720960021,0.740980029,0.750249982,0.77007997,0.792590022,0.81050998,,,,,,,0.895820022,0.905619979,0.91516,0.926079988,0.933610022,0.944660008,0.948939979,0.95885998,,0.969969988,0.973930001,0.983439982,,,,0.995859981,1.000669956,0.995270014,0.992070019,0.992869973,0.992869973,0.992869973,0.992869973,,,,,,,,,,,,,,,,,,,,,,
Turkey,TUR,"Adjusted net enrolment rate, primary, gender parity index (GPI)",UIS.NERA.1.GPI,,,,,0.816340029,,,,,,,,,,,,,,,,,,,,0.929889977,0.930790007,,0.922519982,,0.916649997,,,,,,,0.963199973,,0.976670027,0.982500017,0.985469997,0.986859977,0.987789989,0.987860024,,,,,,,,,,,,,,,,,,,,,
Turkmenistan,TKM,"Adjusted net enrolment rate, primary, gender parity index (GPI)",UIS.NERA.1.GPI,,,,,,,,,,,,,,,,,,,,,,,,,,,,,,,,,,,,,,,,,,,,,,,,,,,,,,,,,,,,,,,,,
Turks and Caicos Islands,TCA,"Adjusted net enrolment rate, primary, gender parity index (GPI)",UIS.NERA.1.GPI,,,,,,,,,,,,,,,,,,,,,,,,,,,,,,,,,,,,,,,,,,,,,,,,,,,,,,,,,,,,,,,,,
Tuvalu,TUV,"Adjusted net enrolment rate, primary, gender parity index (GPI)",UIS.NERA.1.GPI,,,,,,,,,,,,,,,,,,,,,,,,,,,,,,,,,,,,,,,,,,,1.032960057,1.032960057,1.032960057,,,,,,,,,,,,,,,,,,,,
Uganda,UGA,"Adjusted net enrolment rate, primary, gender parity index (GPI)",UIS.NERA.1.GPI,,,,,,,,,,0.804669976,,0.814660013,0.866919994,,,,0.886720002,,,,,,,,,,,,,,,,,,,,,,,1.027209997,1.02978003,1.028470039,1.028470039,1.031759977,,,,,,,,,,,,,,,,,,,,,
Ukraine,UKR,"Adjusted net enrolment rate, primary, gender parity index (GPI)",UIS.NERA.1.GPI,,,,,,,,,,,,,,,,,,,,,,,,,,,,,,,,,1.000219941,1.000450015,0.994920015,0.996370018,0.995760024,0.996010005,1.000650048,1.00127995,1.007069945,1.014269948,1.014269948,,1.021720052,,,,,,,,,,,,,,,,,,,,
United Arab Emirates,ARE,"Adjusted net enrolment rate, primary, gender parity index (GPI)",UIS.NERA.1.GPI,,,,,,,,,1.008949995,,1.029530048,1.027930021,1.020190001,0.998960018,0.99526,0.997009993,1.003110051,0.980579972,0.965129972,0.961730003,,,0.958649993,0.994449973,1.004400015,1.00090003,1.005069971,1.005120039,1.013399959,1.013010025,,,,0.985759974,0.977219999,0.994719982,1.046900034,1.03252995,,1.031870008,1.042080045,1.01639998,1.026859999,1.024009943,1.003999949,,,,,,,,,,,,,,,,,,,,
United Kingdom,GBR,"Adjusted net enrolment rate, primary, gender parity index (GPI)",UIS.NERA.1.GPI,,0.999819994,0.997439981,0.997889996,0.999409974,1.001649976,1.004410028,1.004089952,1.004529953,1.00395,1.003069997,1.003890038,1.004789948,1.003090024,0.999469995,1.002249956,1.00158,1.003829956,1.003399968,,,1.005120039,1.003419995,,,,,,0.998690009,1.000540018,1.00059998,,1.001150012,1.001520038,1.001459956,0.999920011,1.004899979,1.004770041,0.999520004,0.99962002,1.000030041,1.000519991,0.998560011,,,,,,,,,,,,,,,,,,,,,,
United States of America,USA,"Adjusted net enrolment rate, primary, gender parity index (GPI)",UIS.NERA.1.GPI,,,,,,,,,,,,,,,,,1.022840023,1.023110032,,,1.011919975,1.004600048,,0.999800026,1.007660031,1.002959967,1.006539941,,,1.00556004,1.002400041,1.014670014,1.016149998,1.013059974,1.014719963,1.014860034,1.020589948,1.013820052,1.009209991,1.021929979,1.007089972,1.015319943,0.999890029,0.99684,1.008319974,,,,,,,,,,,,,,,,,,,,
Uruguay,URY,"Adjusted net enrolment rate, primary, gender parity index (GPI)",UIS.NERA.1.GPI,,,,,,,,,,,,,,,0.987619996,,,,,,,1.01154995,1.007799983,1.008489966,1.007689953,1.008470058,1.011690021,1.009389997,,,,,,,,0.997799993,,1.001360059,0.996079981,0.994009972,0.994009972,0.994009972,0.994009972,0.998179972,,,,,,,,,,,,,,,,,,,,,
Uzbekistan,UZB,"Adjusted net enrolment rate, primary, gender parity index (GPI)",UIS.NERA.1.GPI,,,,,,,,,,,,,,,,,,,,,,,,,,,,,,,,,,,,,,0.986609995,0.988049984,0.985050023,0.978709996,0.97457999,0.97457999,,,,,,,,,,,,,,,,,,,,,,
Vanuatu,VUT,"Adjusted net enrolment rate, primary, gender parity index (GPI)",UIS.NERA.1.GPI,,,,,,,,,,,,0.971979976,,,,,,,,0.975750029,,,,,,,,,,0.986800015,,,,,0.994379997,0.994379997,0.994379997,0.994379997,0.994379997,0.994379997,0.994379997,0.994379997,0.994379997,,,,,,,,,,,,,,,,,,,,,,
Venezuela,VEN,"Adjusted net enrolment rate, primary, gender parity index (GPI)",UIS.NERA.1.GPI,,,,,,,,,,,,,,,,,,,,,,,,,,,,,,1.015789986,1.016919971,1.015840054,1.012359977,1.012199998,1.010769963,1.013249993,1.01027,1.007320046,1.008489966,1.004940033,1.004760027,1.004480004,0.976000011,0.978359997,1.003319979,,,,,,,,,,,,,,,,,,,,
Vietnam,VNM,"Adjusted net enrolment rate, primary, gender parity index (GPI)",UIS.NERA.1.GPI,,,,,,,,,,,,,,,,,,,,,,,,,,,,,,,,,,,,,,,,,,,,,,,,,,,,,,,,,,,,,,,,,
Virgin Islands (U.S.),VIR,"Adjusted net enrolment rate, primary, gender parity index (GPI)",UIS.NERA.1.GPI,,,,,,,,,,,,,,,,,,,,,,,,,,,,,,,,,,,,,,,,,,,,,,,,,,,,,,,,,,,,,,,,,
West Bank and Gaza,PSE,"Adjusted net enrolment rate, primary, gender parity index (GPI)",UIS.NERA.1.GPI,,,,,,,,,,,,,,,,,,,,,,,,,,,,,,1.00090003,0.995429993,1.003180027,1.00316,1.009809971,1.009029984,0.997579992,1.004340053,1.006139994,1.001819968,0.998080015,0.983519971,0.993579984,0.991190016,1.011999965,1.000859976,,,,,,,,,,,,,,,,,,,,
Yemen,YEM,"Adjusted net enrolment rate, primary, gender parity index (GPI)",UIS.NERA.1.GPI,,,,,,,,,,,,,,,,,,,,,,,,,,,,,,0.585200012,,,,0.706309974,0.726300001,0.760179996,,,0.827610016,,0.82407999,,0.836619973,0.849359989,,,,,,,,,,,,,,,,,,,,,
Zambia,ZMB,"Adjusted net enrolment rate, primary, gender parity index (GPI)",UIS.NERA.1.GPI,,,0.863929987,,,,0.897480011,0.90775001,0.919139981,0.930630028,0.935720026,0.939620018,0.940129995,0.939029992,0.936559975,,0.950389981,,0.963869989,,,,,,0.961359978,0.963729978,,,0.96766001,0.963880002,0.978770018,0.990010023,0.985189974,,1.004369974,1.020429969,1.033310056,1.009109974,,1.028339982,1.027660012,1.025500059,1.032930017,1.022310019,,,,,,,,,,,,,,,,,,,,,
Zimbabwe,ZWE,"Adjusted net enrolment rate, primary, gender parity index (GPI)",UIS.NERA.1.GPI,,,,,,,,,,,,,,,,,,,,,,,,,,,,,1.019350052,1.012130022,1.004750013,1.012290001,1.01323998,1.019690037,,,,,,,,,1.019420028,1.016330004,,,,,,,,,,,,,,,,,,,,,
